Date,Value,Anomaly,state
2021-01-01,46.6,0.3,Alabama
2021-02-01,46.7,-4.8,Alabama
2021-03-01,59.6,1.2,Alabama
2021-04-01,61.6,-1.4,Alabama
2021-05-01,69.4,-2.4,Alabama
2021-06-01,77.0,-1.3,Alabama
2021-07-01,79.3,-1.6,Alabama
2021-08-01,80.0,-0.6,Alabama
2021-09-01,73.9,-0.8,Alabama
2021-10-01,67.3,2.3,Alabama
2021-11-01,52.2,-3.6,Alabama
2021-12-01,56.8,6.0,Alabama
2022-01-01,43.9,-2.4,Alabama
2022-02-01,50.1,-1.4,Alabama
2022-03-01,57.4,-1.0,Alabama
2022-04-01,62.6,-0.4,Alabama
2022-05-01,73.5,1.7,Alabama
2022-06-01,80.4,2.1,Alabama
2022-07-01,81.7,0.8,Alabama
2022-08-01,79.3,-1.3,Alabama
2022-09-01,73.7,-1.0,Alabama
2022-10-01,61.2,-3.8,Alabama
2022-11-01,55.3,-0.5,Alabama
2022-12-01,49.1,-1.7,Alabama
2023-01-01,51.4,5.1,Alabama
2023-02-01,56.5,5.0,Alabama
2023-03-01,58.7,0.3,Alabama
2023-04-01,63.3,0.3,Alabama
2023-05-01,70.3,-1.5,Alabama
2023-06-01,76.6,-1.7,Alabama
2023-07-01,81.0,0.1,Alabama
2023-08-01,82.1,1.5,Alabama
2023-09-01,75.7,1.0,Alabama
2023-10-01,65.2,0.2,Alabama
2023-11-01,54.5,-1.3,Alabama
2023-12-01,48.8,-2.0,Alabama
2024-01-01,43.4,-2.9,Alabama
2024-02-01,52.6,1.1,Alabama
2024-03-01,58.0,-0.4,Alabama
2024-04-01,64.3,1.3,Alabama
2024-05-01,74.0,2.2,Alabama
2024-06-01,79.0,0.7,Alabama
2024-07-01,81.5,0.6,Alabama
2024-08-01,80.9,0.3,Alabama
2024-09-01,75.5,0.8,Alabama
2024-10-01,66.4,1.4,Alabama
2024-11-01,61.3,5.5,Alabama
2024-12-01,48.4,-2.4,Alabama
2021-01-01,10.6,3.8,Alaska
2021-02-01,1.0,-5.6,Alaska
2021-03-01,9.1,-4.3,Alaska
2021-04-01,23.9,0.6,Alaska
2021-05-01,40.3,0.7,Alaska
2021-06-01,50.9,-0.7,Alaska
2021-07-01,53.9,-0.1,Alaska
2021-08-01,49.4,-1.2,Alaska
2021-09-01,39.4,-1.9,Alaska
2021-10-01,27.9,-0.2,Alaska
2021-11-01,4.6,-9.1,Alaska
2021-12-01,6.8,-1.7,Alaska
2022-01-01,2.6,-4.2,Alaska
2022-02-01,8.2,1.6,Alaska
2022-03-01,16.7,3.3,Alaska
2022-04-01,24.9,1.6,Alaska
2022-05-01,40.1,0.5,Alaska
2022-06-01,52.7,1.1,Alaska
2022-07-01,53.3,-0.7,Alaska
2022-08-01,50.1,-0.5,Alaska
2022-09-01,42.7,1.4,Alaska
2022-10-01,28.8,0.7,Alaska
2022-11-01,16.3,2.6,Alaska
2022-12-01,7.1,-1.4,Alaska
2023-01-01,10.9,4.1,Alaska
2023-02-01,6.0,-0.6,Alaska
2023-03-01,13.6,0.2,Alaska
2023-04-01,16.8,-6.5,Alaska
2023-05-01,39.8,0.2,Alaska
2023-06-01,49.9,-1.7,Alaska
2023-07-01,56.1,2.1,Alaska
2023-08-01,53.2,2.6,Alaska
2023-09-01,40.8,-0.5,Alaska
2023-10-01,28.0,-0.1,Alaska
2023-11-01,20.4,6.7,Alaska
2023-12-01,5.8,-2.7,Alaska
2024-01-01,3.2,-3.6,Alaska
2024-02-01,11.1,4.5,Alaska
2024-03-01,14.3,0.9,Alaska
2024-04-01,27.6,4.3,Alaska
2024-05-01,38.3,-1.3,Alaska
2024-06-01,52.8,1.2,Alaska
2024-07-01,52.8,-1.2,Alaska
2024-08-01,49.7,-0.9,Alaska
2024-09-01,42.2,0.9,Alaska
2024-10-01,27.7,-0.4,Alaska
2024-11-01,13.4,-0.3,Alaska
2024-12-01,14.1,5.6,Alaska
2021-01-01,42.6,0.5,Arizona
2021-02-01,46.5,1.7,Arizona
2021-03-01,49.4,-0.2,Arizona
2021-04-01,61.2,1.7,Arizona
2021-05-01,67.9,0.5,Arizona
2021-06-01,80.6,2.6,Arizona
2021-07-01,81.4,-2.0,Arizona
2021-08-01,79.5,-0.7,Arizona
2021-09-01,74.8,-0.4,Arizona
2021-10-01,59.9,-3.6,Arizona
2021-11-01,55.8,5.0,Arizona
2021-12-01,45.6,0.2,Arizona
2022-01-01,43.5,1.4,Arizona
2022-02-01,44.0,-0.8,Arizona
2022-03-01,51.8,2.2,Arizona
2022-04-01,60.5,1.0,Arizona
2022-05-01,68.6,1.2,Arizona
2022-06-01,78.6,0.6,Arizona
2022-07-01,82.2,-1.2,Arizona
2022-08-01,79.0,-1.2,Arizona
2022-09-01,75.9,0.7,Arizona
2022-10-01,61.8,-1.7,Arizona
2022-11-01,46.1,-4.7,Arizona
2022-12-01,42.8,-2.6,Arizona
2023-01-01,40.3,-1.8,Arizona
2023-02-01,41.9,-2.9,Arizona
2023-03-01,47.2,-2.4,Arizona
2023-04-01,58.4,-1.1,Arizona
2023-05-01,66.5,-0.9,Arizona
2023-06-01,72.4,-5.6,Arizona
2023-07-01,85.4,2.0,Arizona
2023-08-01,80.7,0.5,Arizona
2023-09-01,73.6,-1.6,Arizona
2023-10-01,64.4,0.9,Arizona
2023-11-01,52.6,1.8,Arizona
2023-12-01,45.4,0.0,Arizona
2024-01-01,42.0,-0.1,Arizona
2024-02-01,46.7,1.9,Arizona
2024-03-01,49.8,0.2,Arizona
2024-04-01,57.9,-1.6,Arizona
2024-05-01,66.5,-0.9,Arizona
2024-06-01,80.4,2.4,Arizona
2024-07-01,84.4,1.0,Arizona
2024-08-01,81.4,1.2,Arizona
2024-09-01,76.3,1.1,Arizona
2024-10-01,67.9,4.4,Arizona
2024-11-01,48.5,-2.3,Arizona
2024-12-01,47.9,2.5,Arizona
2021-01-01,41.4,0.7,Arkansas
2021-02-01,34.8,-9.6,Arkansas
2021-03-01,55.2,1.3,Arkansas
2021-04-01,58.4,-2.1,Arkansas
2021-05-01,66.8,-3.4,Arkansas
2021-06-01,76.9,-0.8,Arkansas
2021-07-01,79.4,-1.7,Arkansas
2021-08-01,80.7,0.1,Arkansas
2021-09-01,74.3,0.2,Arkansas
2021-10-01,65.5,1.3,Arkansas
2021-11-01,49.4,-2.5,Arkansas
2021-12-01,53.4,6.2,Arkansas
2022-01-01,38.7,-2.0,Arkansas
2022-02-01,42.2,-2.2,Arkansas
2022-03-01,52.1,-1.8,Arkansas
2022-04-01,59.9,-0.6,Arkansas
2022-05-01,71.0,0.8,Arkansas
2022-06-01,78.2,0.5,Arkansas
2022-07-01,84.1,3.0,Arkansas
2022-08-01,79.4,-1.2,Arkansas
2022-09-01,73.8,-0.3,Arkansas
2022-10-01,61.4,-2.8,Arkansas
2022-11-01,49.8,-2.1,Arkansas
2022-12-01,43.2,-4.0,Arkansas
2023-01-01,46.5,5.8,Arkansas
2023-02-01,48.8,4.4,Arkansas
2023-03-01,53.0,-0.9,Arkansas
2023-04-01,60.3,-0.2,Arkansas
2023-05-01,70.0,-0.2,Arkansas
2023-06-01,77.3,-0.4,Arkansas
2023-07-01,81.0,-0.1,Arkansas
2023-08-01,81.7,1.1,Arkansas
2023-09-01,74.8,0.7,Arkansas
2023-10-01,64.0,-0.2,Arkansas
2023-11-01,51.7,-0.2,Arkansas
2023-12-01,46.0,-1.2,Arkansas
2024-01-01,36.1,-4.6,Arkansas
2024-02-01,51.6,7.2,Arkansas
2024-03-01,55.3,1.4,Arkansas
2024-04-01,63.3,2.8,Arkansas
2024-05-01,72.8,2.6,Arkansas
2024-06-01,78.3,0.6,Arkansas
2024-07-01,79.7,-1.4,Arkansas
2024-08-01,80.5,-0.1,Arkansas
2024-09-01,73.4,-0.7,Arkansas
2024-10-01,65.9,1.7,Arkansas
2024-11-01,56.5,4.6,Arkansas
2024-12-01,46.3,-0.9,Arkansas
2021-01-01,45.5,0.5,California
2021-02-01,47.4,1.4,California
2021-03-01,48.2,-0.3,California
2021-04-01,58.2,2.0,California
2021-05-01,64.5,1.5,California
2021-06-01,74.9,2.9,California
2021-07-01,79.8,0.3,California
2021-08-01,77.0,0.1,California
2021-09-01,72.2,0.5,California
2021-10-01,58.2,-4.2,California
2021-11-01,54.8,4.3,California
2021-12-01,43.5,-2.4,California
2022-01-01,46.2,1.2,California
2022-02-01,47.4,1.4,California
2022-03-01,52.9,4.4,California
2022-04-01,55.9,-0.3,California
2022-05-01,62.4,-0.6,California
2022-06-01,72.0,0.0,California
2022-07-01,77.6,-1.9,California
2022-08-01,78.4,1.5,California
2022-09-01,73.8,2.1,California
2022-10-01,63.7,1.3,California
2022-11-01,46.8,-3.7,California
2022-12-01,43.5,-2.4,California
2023-01-01,42.6,-2.4,California
2023-02-01,42.7,-3.3,California
2023-03-01,44.2,-4.3,California
2023-04-01,55.3,-0.9,California
2023-05-01,62.0,-1.0,California
2023-06-01,67.0,-5.0,California
2023-07-01,79.0,-0.5,California
2023-08-01,75.9,-1.0,California
2023-09-01,68.1,-3.6,California
2023-10-01,62.2,-0.2,California
2023-11-01,51.9,1.4,California
2023-12-01,48.1,2.2,California
2024-01-01,45.7,0.7,California
2024-02-01,46.3,0.3,California
2024-03-01,48.8,0.3,California
2024-04-01,55.3,-0.9,California
2024-05-01,63.1,0.1,California
2024-06-01,74.1,2.1,California
2024-07-01,81.5,2.0,California
2024-08-01,76.1,-0.8,California
2024-09-01,72.5,0.8,California
2024-10-01,65.5,3.1,California
2024-11-01,48.4,-2.1,California
2024-12-01,48.4,2.5,California
2021-01-01,26.7,1.2,Colorado
2021-02-01,24.8,-2.0,Colorado
2021-03-01,35.8,1.4,Colorado
2021-04-01,43.1,-0.3,Colorado
2021-05-01,52.9,-0.1,Colorado
2021-06-01,65.7,1.5,Colorado
2021-07-01,70.0,0.5,Colorado
2021-08-01,67.4,-0.3,Colorado
2021-09-01,62.4,0.6,Colorado
2021-10-01,47.8,-1.2,Colorado
2021-11-01,40.7,5.1,Colorado
2021-12-01,32.4,2.3,Colorado
2022-01-01,26.7,1.2,Colorado
2022-02-01,25.1,-1.7,Colorado
2022-03-01,35.1,0.7,Colorado
2022-04-01,43.9,0.5,Colorado
2022-05-01,53.4,0.4,Colorado
2022-06-01,64.4,0.2,Colorado
2022-07-01,70.4,0.9,Colorado
2022-08-01,67.8,0.1,Colorado
2022-09-01,62.5,0.7,Colorado
2022-10-01,47.7,-1.3,Colorado
2022-11-01,31.6,-4.0,Colorado
2022-12-01,25.7,-4.4,Colorado
2023-01-01,23.6,-1.9,Colorado
2023-02-01,24.9,-1.9,Colorado
2023-03-01,30.4,-4.0,Colorado
2023-04-01,41.2,-2.2,Colorado
2023-05-01,54.4,1.4,Colorado
2023-06-01,59.9,-4.3,Colorado
2023-07-01,69.4,-0.1,Colorado
2023-08-01,67.7,0.0,Colorado
2023-09-01,60.5,-1.3,Colorado
2023-10-01,47.8,-1.2,Colorado
2023-11-01,37.0,1.4,Colorado
2023-12-01,30.3,0.2,Colorado
2024-01-01,24.8,-0.7,Colorado
2024-02-01,32.2,5.4,Colorado
2024-03-01,36.2,1.8,Colorado
2024-04-01,45.2,1.8,Colorado
2024-05-01,51.3,-1.7,Colorado
2024-06-01,66.7,2.5,Colorado
2024-07-01,68.2,-1.3,Colorado
2024-08-01,67.8,0.1,Colorado
2024-09-01,61.6,-0.2,Colorado
2024-10-01,52.7,3.7,Colorado
2024-11-01,32.9,-2.7,Colorado
2024-12-01,32.0,1.9,Colorado
2021-01-01,29.2,-1.3,Connecticut
2021-02-01,28.5,-3.1,Connecticut
2021-03-01,39.3,-0.6,Connecticut
2021-04-01,48.7,-0.2,Connecticut
2021-05-01,57.8,-1.3,Connecticut
2021-06-01,69.2,1.5,Connecticut
2021-07-01,71.1,-2.6,Connecticut
2021-08-01,72.8,1.0,Connecticut
2021-09-01,65.2,0.8,Connecticut
2021-10-01,56.8,1.9,Connecticut
2021-11-01,41.0,-2.0,Connecticut
2021-12-01,37.0,1.8,Connecticut
2022-01-01,24.2,-6.3,Connecticut
2022-02-01,30.6,-1.0,Connecticut
2022-03-01,39.0,-0.9,Connecticut
2022-04-01,47.6,-1.3,Connecticut
2022-05-01,60.7,1.6,Connecticut
2022-06-01,66.3,-1.4,Connecticut
2022-07-01,74.2,0.5,Connecticut
2022-08-01,74.5,2.7,Connecticut
2022-09-01,63.6,-0.8,Connecticut
2022-10-01,52.5,-2.4,Connecticut
2022-11-01,45.2,2.2,Connecticut
2022-12-01,33.5,-1.7,Connecticut
2023-01-01,37.1,6.6,Connecticut
2023-02-01,33.7,2.1,Connecticut
2023-03-01,38.8,-1.1,Connecticut
2023-04-01,51.0,2.1,Connecticut
2023-05-01,56.9,-2.2,Connecticut
2023-06-01,65.4,-2.3,Connecticut
2023-07-01,74.8,1.1,Connecticut
2023-08-01,69.5,-2.3,Connecticut
2023-09-01,65.1,0.7,Connecticut
2023-10-01,56.1,1.2,Connecticut
2023-11-01,39.6,-3.4,Connecticut
2023-12-01,38.5,3.3,Connecticut
2024-01-01,31.3,0.8,Connecticut
2024-02-01,33.4,1.8,Connecticut
2024-03-01,42.3,2.4,Connecticut
2024-04-01,48.4,-0.5,Connecticut
2024-05-01,61.1,2.0,Connecticut
2024-06-01,70.0,2.3,Connecticut
2024-07-01,74.6,0.9,Connecticut
2024-08-01,70.2,-1.6,Connecticut
2024-09-01,63.6,-0.8,Connecticut
2024-10-01,54.2,-0.7,Connecticut
2024-11-01,46.0,3.0,Connecticut
2024-12-01,31.8,-3.4,Connecticut
2021-01-01,36.2,-0.9,Delaware
2021-02-01,35.6,-3.6,Delaware
2021-03-01,47.6,0.5,Delaware
2021-04-01,55.3,-0.3,Delaware
2021-05-01,63.3,-0.3,Delaware
2021-06-01,73.8,1.1,Delaware
2021-07-01,77.7,-0.6,Delaware
2021-08-01,76.9,0.7,Delaware
2021-09-01,70.1,0.7,Delaware
2021-10-01,63.2,3.8,Delaware
2021-11-01,45.1,-2.8,Delaware
2021-12-01,44.0,3.0,Delaware
2022-01-01,31.6,-5.5,Delaware
2022-02-01,39.1,-0.1,Delaware
2022-03-01,47.2,0.1,Delaware
2022-04-01,53.2,-2.4,Delaware
2022-05-01,65.1,1.5,Delaware
2022-06-01,72.4,-0.3,Delaware
2022-07-01,79.0,0.7,Delaware
2022-08-01,78.1,1.9,Delaware
2022-09-01,69.3,-0.1,Delaware
2022-10-01,55.8,-3.6,Delaware
2022-11-01,49.8,1.9,Delaware
2022-12-01,37.8,-3.2,Delaware
2023-01-01,43.1,6.0,Delaware
2023-02-01,42.6,3.4,Delaware
2023-03-01,45.4,-1.7,Delaware
2023-04-01,58.4,2.8,Delaware
2023-05-01,61.4,-2.2,Delaware
2023-06-01,70.1,-2.6,Delaware
2023-07-01,78.3,0.0,Delaware
2023-08-01,75.3,-0.9,Delaware
2023-09-01,69.5,0.1,Delaware
2023-10-01,59.6,0.2,Delaware
2023-11-01,45.8,-2.1,Delaware
2023-12-01,43.5,2.5,Delaware
2024-01-01,37.3,0.2,Delaware
2024-02-01,39.5,0.3,Delaware
2024-03-01,48.3,1.2,Delaware
2024-04-01,55.6,0.0,Delaware
2024-05-01,64.5,0.9,Delaware
2024-06-01,74.5,1.8,Delaware
2024-07-01,78.1,-0.2,Delaware
2024-08-01,74.6,-1.6,Delaware
2024-09-01,68.8,-0.6,Delaware
2024-10-01,58.9,-0.5,Delaware
2024-11-01,51.0,3.1,Delaware
2024-12-01,38.7,-2.3,Delaware
2021-01-01,58.7,-0.5,Florida
2021-02-01,63.7,0.0,Florida
2021-03-01,67.8,-0.7,Florida
2021-04-01,69.9,-1.5,Florida
2021-05-01,76.1,-1.3,Florida
2021-06-01,80.7,-0.8,Florida
2021-07-01,81.9,-1.5,Florida
2021-08-01,82.6,-1.0,Florida
2021-09-01,79.7,-0.7,Florida
2021-10-01,75.3,1.6,Florida
2021-11-01,63.4,-4.1,Florida
2021-12-01,66.5,3.9,Florida
2022-01-01,57.6,-1.6,Florida
2022-02-01,63.2,-0.5,Florida
2022-03-01,68.6,0.1,Florida
2022-04-01,72.0,0.6,Florida
2022-05-01,77.7,0.3,Florida
2022-06-01,82.0,0.5,Florida
2022-07-01,83.2,-0.2,Florida
2022-08-01,83.0,-0.6,Florida
2022-09-01,80.0,-0.4,Florida
2022-10-01,71.8,-1.9,Florida
2022-11-01,69.7,2.2,Florida
2022-12-01,61.5,-1.1,Florida
2023-01-01,61.8,2.6,Florida
2023-02-01,67.4,3.7,Florida
2023-03-01,69.1,0.6,Florida
2023-04-01,73.2,1.8,Florida
2023-05-01,76.2,-1.2,Florida
2023-06-01,80.6,-0.9,Florida
2023-07-01,84.1,0.7,Florida
2023-08-01,84.9,1.3,Florida
2023-09-01,80.5,0.1,Florida
2023-10-01,73.4,-0.3,Florida
2023-11-01,66.7,-0.8,Florida
2023-12-01,61.3,-1.3,Florida
2024-01-01,58.7,-0.5,Florida
2024-02-01,60.5,-3.2,Florida
2024-03-01,68.4,-0.1,Florida
2024-04-01,70.3,-1.1,Florida
2024-05-01,79.6,2.2,Florida
2024-06-01,82.6,1.1,Florida
2024-07-01,84.2,0.8,Florida
2024-08-01,83.7,0.1,Florida
2024-09-01,81.5,1.1,Florida
2024-10-01,74.4,0.7,Florida
2024-11-01,70.1,2.6,Florida
2024-12-01,60.9,-1.7,Florida
2021-01-01,47.7,-0.1,Georgia
2021-02-01,49.5,-3.7,Georgia
2021-03-01,59.9,0.5,Georgia
2021-04-01,62.1,-1.5,Georgia
2021-05-01,69.4,-2.1,Georgia
2021-06-01,77.0,-1.1,Georgia
2021-07-01,79.3,-1.7,Georgia
2021-08-01,80.0,-0.4,Georgia
2021-09-01,73.8,-0.7,Georgia
2021-10-01,67.2,2.0,Georgia
2021-11-01,52.7,-4.1,Georgia
2021-12-01,56.6,5.3,Georgia
2022-01-01,45.9,-1.9,Georgia
2022-02-01,52.8,-0.4,Georgia
2022-03-01,59.0,-0.4,Georgia
2022-04-01,63.0,-0.6,Georgia
2022-05-01,73.2,1.7,Georgia
2022-06-01,80.1,2.0,Georgia
2022-07-01,81.2,0.2,Georgia
2022-08-01,79.5,-0.9,Georgia
2022-09-01,74.0,-0.5,Georgia
2022-10-01,62.1,-3.1,Georgia
2022-11-01,57.5,0.7,Georgia
2022-12-01,49.1,-2.2,Georgia
2023-01-01,51.5,3.7,Georgia
2023-02-01,58.1,4.9,Georgia
2023-03-01,59.4,0.0,Georgia
2023-04-01,64.1,0.5,Georgia
2023-05-01,69.6,-1.9,Georgia
2023-06-01,75.8,-2.3,Georgia
2023-07-01,81.6,0.6,Georgia
2023-08-01,81.7,1.3,Georgia
2023-09-01,74.6,0.1,Georgia
2023-10-01,64.9,-0.3,Georgia
2023-11-01,55.7,-1.1,Georgia
2023-12-01,50.2,-1.1,Georgia
2024-01-01,46.1,-1.7,Georgia
2024-02-01,52.5,-0.7,Georgia
2024-03-01,59.2,-0.2,Georgia
2024-04-01,65.1,1.5,Georgia
2024-05-01,73.6,2.1,Georgia
2024-06-01,79.6,1.5,Georgia
2024-07-01,82.0,1.0,Georgia
2024-08-01,80.4,0.0,Georgia
2024-09-01,75.5,1.0,Georgia
2024-10-01,66.4,1.2,Georgia
2024-11-01,61.3,4.5,Georgia
2024-12-01,49.1,-2.2,Georgia
2021-01-01,26.6,1.7,Idaho
2021-02-01,25.4,-0.7,Idaho
2021-03-01,34.8,1.6,Idaho
2021-04-01,42.0,1.9,Idaho
2021-05-01,49.8,0.4,Idaho
2021-06-01,65.1,5.1,Idaho
2021-07-01,71.8,2.0,Idaho
2021-08-01,63.9,-2.3,Idaho
2021-09-01,57.2,-1.3,Idaho
2021-10-01,45.2,-1.7,Idaho
2021-11-01,36.7,4.4,Idaho
2021-12-01,26.5,-0.8,Idaho
2022-01-01,23.9,-1.0,Idaho
2022-02-01,24.5,-1.6,Idaho
2022-03-01,36.3,3.1,Idaho
2022-04-01,37.2,-2.9,Idaho
2022-05-01,46.4,-3.0,Idaho
2022-06-01,57.3,-2.7,Idaho
2022-07-01,69.4,-0.4,Idaho
2022-08-01,69.4,3.2,Idaho
2022-09-01,60.8,2.3,Idaho
2022-10-01,48.0,1.1,Idaho
2022-11-01,26.4,-5.9,Idaho
2022-12-01,22.8,-4.5,Idaho
2023-01-01,23.2,-1.7,Idaho
2023-02-01,23.6,-2.5,Idaho
2023-03-01,27.5,-5.7,Idaho
2023-04-01,38.6,-1.5,Idaho
2023-05-01,54.3,4.9,Idaho
2023-06-01,57.2,-2.8,Idaho
2023-07-01,68.6,-1.2,Idaho
2023-08-01,65.8,-0.4,Idaho
2023-09-01,56.6,-1.9,Idaho
2023-10-01,45.9,-1.0,Idaho
2023-11-01,34.3,2.0,Idaho
2023-12-01,29.6,2.3,Idaho
2024-01-01,25.7,0.8,Idaho
2024-02-01,30.8,4.7,Idaho
2024-03-01,34.0,0.8,Idaho
2024-04-01,42.5,2.4,Idaho
2024-05-01,47.2,-2.2,Idaho
2024-06-01,60.2,0.2,Idaho
2024-07-01,69.4,-0.4,Idaho
2024-08-01,65.6,-0.6,Idaho
2024-09-01,59.5,1.0,Idaho
2024-10-01,48.4,1.5,Idaho
2024-11-01,31.8,-0.5,Idaho
2024-12-01,30.4,3.1,Idaho
2021-01-01,29.5,1.3,Illinois
2021-02-01,20.8,-10.6,Illinois
2021-03-01,46.2,1.9,Illinois
2021-04-01,52.5,-0.1,Illinois
2021-05-01,61.1,-3.3,Illinois
2021-06-01,74.1,0.7,Illinois
2021-07-01,74.6,-0.3,Illinois
2021-08-01,75.5,1.4,Illinois
2021-09-01,69.6,1.2,Illinois
2021-10-01,60.2,3.0,Illinois
2021-11-01,40.9,-2.5,Illinois
2021-12-01,40.2,4.2,Illinois
2022-01-01,22.2,-6.0,Illinois
2022-02-01,28.0,-3.4,Illinois
2022-03-01,43.1,-1.2,Illinois
2022-04-01,49.6,-3.0,Illinois
2022-05-01,65.3,0.9,Illinois
2022-06-01,73.5,0.1,Illinois
2022-07-01,75.8,0.9,Illinois
2022-08-01,73.6,-0.5,Illinois
2022-09-01,67.0,-1.4,Illinois
2022-10-01,53.3,-3.9,Illinois
2022-11-01,43.0,-0.4,Illinois
2022-12-01,30.3,-5.7,Illinois
2023-01-01,34.4,6.2,Illinois
2023-02-01,36.3,4.9,Illinois
2023-03-01,40.9,-3.4,Illinois
2023-04-01,53.4,0.8,Illinois
2023-05-01,64.2,-0.2,Illinois
2023-06-01,71.5,-1.9,Illinois
2023-07-01,75.3,0.4,Illinois
2023-08-01,73.5,-0.6,Illinois
2023-09-01,68.3,-0.1,Illinois
2023-10-01,56.6,-0.6,Illinois
2023-11-01,42.9,-0.5,Illinois
2023-12-01,39.6,3.6,Illinois
2024-01-01,26.5,-1.7,Illinois
2024-02-01,40.6,9.2,Illinois
2024-03-01,46.8,2.5,Illinois
2024-04-01,54.7,2.1,Illinois
2024-05-01,67.0,2.6,Illinois
2024-06-01,74.4,1.0,Illinois
2024-07-01,74.0,-0.9,Illinois
2024-08-01,73.6,-0.5,Illinois
2024-09-01,68.7,0.3,Illinois
2024-10-01,58.6,1.4,Illinois
2024-11-01,46.6,3.2,Illinois
2024-12-01,34.0,-2.0,Illinois
2021-01-01,30.5,0.7,Indiana
2021-02-01,23.7,-9.2,Indiana
2021-03-01,45.8,1.6,Indiana
2021-04-01,51.9,-0.3,Indiana
2021-05-01,59.6,-3.7,Indiana
2021-06-01,72.7,1.0,Indiana
2021-07-01,73.7,-0.4,Indiana
2021-08-01,75.0,1.8,Indiana
2021-09-01,68.4,0.9,Indiana
2021-10-01,60.2,3.4,Indiana
2021-11-01,40.0,-3.4,Indiana
2021-12-01,40.5,3.8,Indiana
2022-01-01,24.3,-5.5,Indiana
2022-02-01,29.8,-3.1,Indiana
2022-03-01,43.7,-0.5,Indiana
2022-04-01,49.3,-2.9,Indiana
2022-05-01,64.9,1.6,Indiana
2022-06-01,72.1,0.4,Indiana
2022-07-01,75.3,1.2,Indiana
2022-08-01,73.0,-0.2,Indiana
2022-09-01,66.1,-1.4,Indiana
2022-10-01,52.8,-4.0,Indiana
2022-11-01,43.1,-0.3,Indiana
2022-12-01,31.7,-5.0,Indiana
2023-01-01,36.4,6.6,Indiana
2023-02-01,38.3,5.4,Indiana
2023-03-01,40.9,-3.3,Indiana
2023-04-01,52.7,0.5,Indiana
2023-05-01,62.0,-1.3,Indiana
2023-06-01,69.2,-2.5,Indiana
2023-07-01,74.2,0.1,Indiana
2023-08-01,71.8,-1.4,Indiana
2023-09-01,67.1,-0.4,Indiana
2023-10-01,56.4,-0.4,Indiana
2023-11-01,43.0,-0.4,Indiana
2023-12-01,39.9,3.2,Indiana
2024-01-01,27.8,-2.0,Indiana
2024-02-01,39.6,6.7,Indiana
2024-03-01,46.3,2.1,Indiana
2024-04-01,54.8,2.6,Indiana
2024-05-01,66.6,3.3,Indiana
2024-06-01,72.9,1.2,Indiana
2024-07-01,73.2,-0.9,Indiana
2024-08-01,73.1,-0.1,Indiana
2024-09-01,68.4,0.9,Indiana
2024-10-01,57.6,0.8,Indiana
2024-11-01,47.4,4.0,Indiana
2024-12-01,34.6,-2.1,Indiana
2021-01-01,23.9,3.1,Iowa
2021-02-01,12.5,-11.8,Iowa
2021-03-01,42.3,3.8,Iowa
2021-04-01,49.3,1.0,Iowa
2021-05-01,59.0,-2.3,Iowa
2021-06-01,73.5,1.4,Iowa
2021-07-01,73.4,0.4,Iowa
2021-08-01,72.9,0.8,Iowa
2021-09-01,66.6,0.2,Iowa
2021-10-01,55.5,1.5,Iowa
2021-11-01,39.2,0.3,Iowa
2021-12-01,31.9,2.9,Iowa
2022-01-01,14.9,-5.9,Iowa
2022-02-01,21.3,-3.0,Iowa
2022-03-01,37.1,-1.4,Iowa
2022-04-01,43.8,-4.5,Iowa
2022-05-01,61.3,0.0,Iowa
2022-06-01,71.6,-0.5,Iowa
2022-07-01,74.2,1.2,Iowa
2022-08-01,72.0,-0.1,Iowa
2022-09-01,65.1,-1.3,Iowa
2022-10-01,50.4,-3.6,Iowa
2022-11-01,37.1,-1.8,Iowa
2022-12-01,21.3,-7.7,Iowa
2023-01-01,24.2,3.4,Iowa
2023-02-01,26.2,1.9,Iowa
2023-03-01,34.0,-4.5,Iowa
2023-04-01,49.3,1.0,Iowa
2023-05-01,62.7,1.4,Iowa
2023-06-01,71.3,-0.8,Iowa
2023-07-01,72.0,-1.0,Iowa
2023-08-01,72.5,0.4,Iowa
2023-09-01,67.2,0.8,Iowa
2023-10-01,53.4,-0.6,Iowa
2023-11-01,38.9,0.0,Iowa
2023-12-01,34.5,5.5,Iowa
2024-01-01,20.1,-0.7,Iowa
2024-02-01,37.0,12.7,Iowa
2024-03-01,40.6,2.1,Iowa
2024-04-01,50.8,2.5,Iowa
2024-05-01,62.0,0.7,Iowa
2024-06-01,72.0,-0.1,Iowa
2024-07-01,72.2,-0.8,Iowa
2024-08-01,71.1,-1.0,Iowa
2024-09-01,66.7,0.3,Iowa
2024-10-01,56.7,2.7,Iowa
2024-11-01,40.5,1.6,Iowa
2024-12-01,28.2,-0.8,Iowa
2021-01-01,34.0,3.3,Kansas
2021-02-01,24.1,-9.6,Kansas
2021-03-01,48.1,2.8,Kansas
2021-04-01,52.5,-2.1,Kansas
2021-05-01,61.9,-2.5,Kansas
2021-06-01,75.8,0.2,Kansas
2021-07-01,77.7,-1.1,Kansas
2021-08-01,79.1,0.4,Kansas
2021-09-01,73.3,1.1,Kansas
2021-10-01,59.1,-0.2,Kansas
2021-11-01,46.7,1.8,Kansas
2021-12-01,41.1,3.9,Kansas
2022-01-01,29.8,-0.9,Kansas
2022-02-01,31.8,-1.9,Kansas
2022-03-01,44.0,-1.3,Kansas
2022-04-01,54.1,-0.5,Kansas
2022-05-01,64.6,0.2,Kansas
2022-06-01,75.8,0.2,Kansas
2022-07-01,81.1,2.3,Kansas
2022-08-01,79.2,0.5,Kansas
2022-09-01,72.0,-0.2,Kansas
2022-10-01,57.7,-1.6,Kansas
2022-11-01,41.1,-3.8,Kansas
2022-12-01,30.6,-6.6,Kansas
2023-01-01,33.1,2.4,Kansas
2023-02-01,35.2,1.5,Kansas
2023-03-01,42.1,-3.2,Kansas
2023-04-01,54.6,0.0,Kansas
2023-05-01,65.8,1.4,Kansas
2023-06-01,73.4,-2.2,Kansas
2023-07-01,78.3,-0.5,Kansas
2023-08-01,78.8,0.1,Kansas
2023-09-01,72.4,0.2,Kansas
2023-10-01,58.0,-1.3,Kansas
2023-11-01,45.2,0.3,Kansas
2023-12-01,39.2,2.0,Kansas
2024-01-01,25.9,-4.8,Kansas
2024-02-01,43.8,10.1,Kansas
2024-03-01,47.1,1.8,Kansas
2024-04-01,57.3,2.7,Kansas
2024-05-01,65.3,0.9,Kansas
2024-06-01,77.2,1.6,Kansas
2024-07-01,78.0,-0.8,Kansas
2024-08-01,77.6,-1.1,Kansas
2024-09-01,71.1,-1.1,Kansas
2024-10-01,62.5,3.2,Kansas
2024-11-01,46.4,1.5,Kansas
2024-12-01,38.0,0.8,Kansas
2021-01-01,35.7,0.1,Kentucky
2021-02-01,32.3,-8.1,Kentucky
2021-03-01,50.4,1.0,Kentucky
2021-04-01,54.6,-1.7,Kentucky
2021-05-01,62.4,-3.2,Kentucky
2021-06-01,73.4,0.4,Kentucky
2021-07-01,75.8,-1.2,Kentucky
2021-08-01,76.6,1.0,Kentucky
2021-09-01,68.9,-0.5,Kentucky
2021-10-01,62.4,3.2,Kentucky
2021-11-01,43.4,-4.0,Kentucky
2021-12-01,47.6,5.6,Kentucky
2022-01-01,31.3,-4.3,Kentucky
2022-02-01,38.4,-2.0,Kentucky
2022-03-01,49.1,-0.3,Kentucky
2022-04-01,54.4,-1.9,Kentucky
2022-05-01,67.5,1.9,Kentucky
2022-06-01,74.0,1.0,Kentucky
2022-07-01,78.2,1.2,Kentucky
2022-08-01,75.3,-0.3,Kentucky
2022-09-01,68.1,-1.3,Kentucky
2022-10-01,55.0,-4.2,Kentucky
2022-11-01,46.8,-0.6,Kentucky
2022-12-01,37.8,-4.2,Kentucky
2023-01-01,42.4,6.8,Kentucky
2023-02-01,45.7,5.3,Kentucky
2023-03-01,47.3,-2.1,Kentucky
2023-04-01,56.8,0.5,Kentucky
2023-05-01,64.1,-1.5,Kentucky
2023-06-01,70.3,-2.7,Kentucky
2023-07-01,76.8,-0.2,Kentucky
2023-08-01,74.8,-0.8,Kentucky
2023-09-01,69.6,0.2,Kentucky
2023-10-01,59.3,0.1,Kentucky
2023-11-01,47.4,0.0,Kentucky
2023-12-01,42.6,0.6,Kentucky
2024-01-01,33.0,-2.6,Kentucky
2024-02-01,45.2,4.8,Kentucky
2024-03-01,50.6,1.2,Kentucky
2024-04-01,59.3,3.0,Kentucky
2024-05-01,68.3,2.7,Kentucky
2024-06-01,74.4,1.4,Kentucky
2024-07-01,77.0,0.0,Kentucky
2024-08-01,75.5,-0.1,Kentucky
2024-09-01,70.8,1.4,Kentucky
2024-10-01,60.0,0.8,Kentucky
2024-11-01,52.0,4.6,Kentucky
2024-12-01,40.1,-1.9,Kentucky
2021-01-01,50.6,0.1,Louisiana
2021-02-01,47.8,-6.0,Louisiana
2021-03-01,62.2,0.6,Louisiana
2021-04-01,64.7,-2.1,Louisiana
2021-05-01,72.3,-3.0,Louisiana
2021-06-01,80.4,-1.2,Louisiana
2021-07-01,81.8,-1.5,Louisiana
2021-08-01,82.6,-1.5,Louisiana
2021-09-01,76.9,-1.3,Louisiana
2021-10-01,71.7,2.1,Louisiana
2021-11-01,56.4,-3.3,Louisiana
2021-12-01,62.4,6.2,Louisiana
2022-01-01,48.2,-2.3,Louisiana
2022-02-01,51.3,-2.5,Louisiana
2022-03-01,58.9,-2.7,Louisiana
2022-04-01,67.4,0.6,Louisiana
2022-05-01,77.0,1.7,Louisiana
2022-06-01,82.7,1.1,Louisiana
2022-07-01,83.9,0.6,Louisiana
2022-08-01,81.8,-2.3,Louisiana
2022-09-01,77.3,-0.9,Louisiana
2022-10-01,66.2,-3.4,Louisiana
2022-11-01,58.2,-1.5,Louisiana
2022-12-01,54.1,-2.1,Louisiana
2023-01-01,56.0,5.5,Louisiana
2023-02-01,58.4,4.6,Louisiana
2023-03-01,63.6,2.0,Louisiana
2023-04-01,66.1,-0.7,Louisiana
2023-05-01,74.9,-0.4,Louisiana
2023-06-01,82.0,0.4,Louisiana
2023-07-01,84.9,1.6,Louisiana
2023-08-01,87.9,3.8,Louisiana
2023-09-01,80.7,2.5,Louisiana
2023-10-01,69.7,0.1,Louisiana
2023-11-01,58.2,-1.5,Louisiana
2023-12-01,53.2,-3.0,Louisiana
2024-01-01,47.1,-3.4,Louisiana
2024-02-01,57.7,3.9,Louisiana
2024-03-01,61.7,0.1,Louisiana
2024-04-01,69.0,2.2,Louisiana
2024-05-01,77.1,1.8,Louisiana
2024-06-01,81.4,-0.2,Louisiana
2024-07-01,82.5,-0.8,Louisiana
2024-08-01,84.1,0.0,Louisiana
2024-09-01,77.8,-0.4,Louisiana
2024-10-01,70.6,1.0,Louisiana
2024-11-01,65.8,6.1,Louisiana
2024-12-01,55.2,-1.0,Louisiana
2021-01-01,21.4,2.3,Maine
2021-02-01,18.5,-1.5,Maine
2021-03-01,29.4,-0.8,Maine
2021-04-01,43.2,1.6,Maine
2021-05-01,52.4,-0.9,Maine
2021-06-01,64.9,2.7,Maine
2021-07-01,63.7,-4.1,Maine
2021-08-01,68.2,2.1,Maine
2021-09-01,59.0,-0.1,Maine
2021-10-01,50.2,0.5,Maine
2021-11-01,35.3,-0.5,Maine
2021-12-01,24.5,-1.5,Maine
2022-01-01,10.8,-8.3,Maine
2022-02-01,19.2,-0.8,Maine
2022-03-01,29.0,-1.2,Maine
2022-04-01,40.6,-1.0,Maine
2022-05-01,54.4,1.1,Maine
2022-06-01,60.1,-2.1,Maine
2022-07-01,67.8,0.0,Maine
2022-08-01,67.3,1.2,Maine
2022-09-01,57.2,-1.9,Maine
2022-10-01,49.2,-0.5,Maine
2022-11-01,37.4,1.6,Maine
2022-12-01,27.6,1.6,Maine
2023-01-01,24.1,5.0,Maine
2023-02-01,18.2,-1.8,Maine
2023-03-01,30.2,0.0,Maine
2023-04-01,41.7,0.1,Maine
2023-05-01,51.3,-2.0,Maine
2023-06-01,59.9,-2.3,Maine
2023-07-01,69.9,2.1,Maine
2023-08-01,63.4,-2.7,Maine
2023-09-01,60.9,1.8,Maine
2023-10-01,51.6,1.9,Maine
2023-11-01,31.7,-4.1,Maine
2023-12-01,28.9,2.9,Maine
2024-01-01,20.2,1.1,Maine
2024-02-01,24.0,4.0,Maine
2024-03-01,32.3,2.1,Maine
2024-04-01,40.8,-0.8,Maine
2024-05-01,55.2,1.9,Maine
2024-06-01,63.9,1.7,Maine
2024-07-01,69.7,1.9,Maine
2024-08-01,65.6,-0.5,Maine
2024-09-01,59.3,0.2,Maine
2024-10-01,47.8,-1.9,Maine
2024-11-01,38.8,3.0,Maine
2024-12-01,23.1,-2.9,Maine
2021-01-01,35.4,-0.9,Maryland
2021-02-01,34.2,-4.7,Maryland
2021-03-01,47.2,0.4,Maryland
2021-04-01,55.0,-0.7,Maryland
2021-05-01,62.2,-1.2,Maryland
2021-06-01,73.1,0.8,Maryland
2021-07-01,77.2,-0.8,Maryland
2021-08-01,77.1,1.1,Maryland
2021-09-01,69.6,0.6,Maryland
2021-10-01,62.9,4.1,Maryland
2021-11-01,44.4,-2.8,Maryland
2021-12-01,43.8,3.7,Maryland
2022-01-01,30.9,-5.4,Maryland
2022-02-01,38.4,-0.5,Maryland
2022-03-01,46.7,-0.1,Maryland
2022-04-01,53.1,-2.6,Maryland
2022-05-01,64.6,1.2,Maryland
2022-06-01,72.1,-0.2,Maryland
2022-07-01,77.7,-0.3,Maryland
2022-08-01,76.7,0.7,Maryland
2022-09-01,68.5,-0.5,Maryland
2022-10-01,54.6,-4.2,Maryland
2022-11-01,48.8,1.6,Maryland
2022-12-01,36.5,-3.6,Maryland
2023-01-01,42.1,5.8,Maryland
2023-02-01,42.8,3.9,Maryland
2023-03-01,45.1,-1.7,Maryland
2023-04-01,58.0,2.3,Maryland
2023-05-01,60.9,-2.5,Maryland
2023-06-01,69.2,-3.1,Maryland
2023-07-01,78.1,0.1,Maryland
2023-08-01,75.0,-1.0,Maryland
2023-09-01,69.3,0.3,Maryland
2023-10-01,59.4,0.6,Maryland
2023-11-01,45.2,-2.0,Maryland
2023-12-01,42.5,2.4,Maryland
2024-01-01,36.6,0.3,Maryland
2024-02-01,40.3,1.4,Maryland
2024-03-01,48.1,1.3,Maryland
2024-04-01,56.5,0.8,Maryland
2024-05-01,65.8,2.4,Maryland
2024-06-01,74.6,2.3,Maryland
2024-07-01,79.0,1.0,Maryland
2024-08-01,75.1,-0.9,Maryland
2024-09-01,68.4,-0.6,Maryland
2024-10-01,58.1,-0.7,Maryland
2024-11-01,50.2,3.0,Maryland
2024-12-01,37.5,-2.6,Maryland
2021-01-01,28.8,-0.6,Massachusetts
2021-02-01,27.6,-3.1,Massachusetts
2021-03-01,38.3,-0.3,Massachusetts
2021-04-01,47.8,-0.2,Massachusetts
2021-05-01,57.6,-0.8,Massachusetts
2021-06-01,69.2,2.2,Massachusetts
2021-07-01,69.8,-3.0,Massachusetts
2021-08-01,72.7,1.6,Massachusetts
2021-09-01,64.8,1.1,Massachusetts
2021-10-01,56.3,2.0,Massachusetts
2021-11-01,40.8,-1.4,Massachusetts
2021-12-01,36.0,1.6,Massachusetts
2022-01-01,23.5,-5.9,Massachusetts
2022-02-01,29.9,-0.8,Massachusetts
2022-03-01,38.1,-0.5,Massachusetts
2022-04-01,47.0,-1.0,Massachusetts
2022-05-01,59.8,1.4,Massachusetts
2022-06-01,65.6,-1.4,Massachusetts
2022-07-01,73.3,0.5,Massachusetts
2022-08-01,73.9,2.8,Massachusetts
2022-09-01,62.4,-1.3,Massachusetts
2022-10-01,52.4,-1.9,Massachusetts
2022-11-01,44.6,2.4,Massachusetts
2022-12-01,33.1,-1.3,Massachusetts
2023-01-01,35.3,5.9,Massachusetts
2023-02-01,32.2,1.5,Massachusetts
2023-03-01,37.6,-1.0,Massachusetts
2023-04-01,49.8,1.8,Massachusetts
2023-05-01,56.3,-2.1,Massachusetts
2023-06-01,64.5,-2.5,Massachusetts
2023-07-01,73.9,1.1,Massachusetts
2023-08-01,68.5,-2.6,Massachusetts
2023-09-01,64.6,0.9,Massachusetts
2023-10-01,56.0,1.7,Massachusetts
2023-11-01,38.7,-3.5,Massachusetts
2023-12-01,37.8,3.4,Massachusetts
2024-01-01,30.0,0.6,Massachusetts
2024-02-01,32.9,2.2,Massachusetts
2024-03-01,40.4,1.8,Massachusetts
2024-04-01,47.2,-0.8,Massachusetts
2024-05-01,59.9,1.5,Massachusetts
2024-06-01,68.8,1.8,Massachusetts
2024-07-01,74.3,1.5,Massachusetts
2024-08-01,69.4,-1.7,Massachusetts
2024-09-01,63.0,-0.7,Massachusetts
2024-10-01,52.5,-1.8,Massachusetts
2024-11-01,44.8,2.6,Massachusetts
2024-12-01,30.6,-3.8,Massachusetts
2021-01-01,25.0,1.7,Michigan
2021-02-01,17.4,-6.4,Michigan
2021-03-01,36.8,2.8,Michigan
2021-04-01,45.1,0.9,Michigan
2021-05-01,54.0,-2.2,Michigan
2021-06-01,67.8,1.9,Michigan
2021-07-01,68.7,-0.2,Michigan
2021-08-01,71.0,2.8,Michigan
2021-09-01,61.4,-0.7,Michigan
2021-10-01,55.2,3.6,Michigan
2021-11-01,36.3,-1.9,Michigan
2021-12-01,30.1,0.1,Michigan
2022-01-01,15.4,-7.9,Michigan
2022-02-01,19.5,-4.3,Michigan
2022-03-01,31.0,-3.0,Michigan
2022-04-01,40.2,-4.0,Michigan
2022-05-01,57.6,1.4,Michigan
2022-06-01,65.0,-0.9,Michigan
2022-07-01,69.2,0.3,Michigan
2022-08-01,68.2,0.0,Michigan
2022-09-01,60.9,-1.2,Michigan
2022-10-01,48.3,-3.3,Michigan
2022-11-01,38.6,0.4,Michigan
2022-12-01,26.9,-3.1,Michigan
2023-01-01,28.2,4.9,Michigan
2023-02-01,26.5,2.7,Michigan
2023-03-01,31.4,-2.6,Michigan
2023-04-01,44.9,0.7,Michigan
2023-05-01,55.0,-1.2,Michigan
2023-06-01,64.8,-1.1,Michigan
2023-07-01,68.5,-0.4,Michigan
2023-08-01,65.7,-2.5,Michigan
2023-09-01,62.1,0.0,Michigan
2023-10-01,50.6,-1.0,Michigan
2023-11-01,36.3,-1.9,Michigan
2023-12-01,35.1,5.1,Michigan
2024-01-01,24.5,1.2,Michigan
2024-02-01,31.9,8.1,Michigan
2024-03-01,36.6,2.6,Michigan
2024-04-01,46.4,2.2,Michigan
2024-05-01,58.2,2.0,Michigan
2024-06-01,66.1,0.2,Michigan
2024-07-01,69.0,0.1,Michigan
2024-08-01,67.9,-0.3,Michigan
2024-09-01,64.0,1.9,Michigan
2024-10-01,52.2,0.6,Michigan
2024-11-01,41.5,3.3,Michigan
2024-12-01,28.0,-2.0,Michigan
2021-01-01,18.2,5.1,Minnesota
2021-02-01,6.5,-7.3,Minnesota
2021-03-01,35.6,7.2,Minnesota
2021-04-01,42.3,2.1,Minnesota
2021-05-01,55.1,-1.4,Minnesota
2021-06-01,69.9,2.5,Minnesota
2021-07-01,71.1,1.6,Minnesota
2021-08-01,69.4,1.4,Minnesota
2021-09-01,61.6,-1.1,Minnesota
2021-10-01,51.5,2.2,Minnesota
2021-11-01,32.2,0.0,Minnesota
2021-12-01,18.2,-1.8,Minnesota
2022-01-01,3.6,-9.5,Minnesota
2022-02-01,6.5,-7.3,Minnesota
2022-03-01,26.1,-2.3,Minnesota
2022-04-01,35.6,-4.6,Minnesota
2022-05-01,55.3,-1.2,Minnesota
2022-06-01,66.2,-1.2,Minnesota
2022-07-01,69.7,0.2,Minnesota
2022-08-01,67.3,-0.7,Minnesota
2022-09-01,60.3,-2.4,Minnesota
2022-10-01,46.9,-2.4,Minnesota
2022-11-01,30.0,-2.2,Minnesota
2022-12-01,12.5,-7.5,Minnesota
2023-01-01,15.1,2.0,Minnesota
2023-02-01,14.1,0.3,Minnesota
2023-03-01,21.2,-7.2,Minnesota
2023-04-01,38.3,-1.9,Minnesota
2023-05-01,59.3,2.8,Minnesota
2023-06-01,68.9,1.5,Minnesota
2023-07-01,67.3,-2.2,Minnesota
2023-08-01,67.9,-0.1,Minnesota
2023-09-01,63.5,0.8,Minnesota
2023-10-01,47.5,-1.8,Minnesota
2023-11-01,32.4,0.2,Minnesota
2023-12-01,29.6,9.6,Minnesota
2024-01-01,15.5,2.4,Minnesota
2024-02-01,28.2,14.4,Minnesota
2024-03-01,30.6,2.2,Minnesota
2024-04-01,44.4,4.2,Minnesota
2024-05-01,56.4,-0.1,Minnesota
2024-06-01,64.4,-3.0,Minnesota
2024-07-01,69.8,0.3,Minnesota
2024-08-01,67.2,-0.8,Minnesota
2024-09-01,65.2,2.5,Minnesota
2024-10-01,51.2,1.9,Minnesota
2024-11-01,34.0,1.8,Minnesota
2024-12-01,19.7,-0.3,Minnesota
2021-01-01,46.6,0.1,Mississippi
2021-02-01,44.2,-6.6,Mississippi
2021-03-01,60.0,1.2,Mississippi
2021-04-01,61.8,-2.2,Mississippi
2021-05-01,69.9,-3.4,Mississippi
2021-06-01,78.1,-1.6,Mississippi
2021-07-01,80.4,-1.7,Mississippi
2021-08-01,80.8,-1.2,Mississippi
2021-09-01,74.8,-1.1,Mississippi
2021-10-01,68.3,1.8,Mississippi
2021-11-01,52.7,-3.8,Mississippi
2021-12-01,58.6,6.3,Mississippi
2022-01-01,44.2,-2.3,Mississippi
2022-02-01,48.7,-2.1,Mississippi
2022-03-01,57.1,-1.7,Mississippi
2022-04-01,64.0,0.0,Mississippi
2022-05-01,75.0,1.7,Mississippi
2022-06-01,81.2,1.5,Mississippi
2022-07-01,82.9,0.8,Mississippi
2022-08-01,80.2,-1.8,Mississippi
2022-09-01,74.8,-1.1,Mississippi
2022-10-01,62.8,-3.7,Mississippi
2022-11-01,55.0,-1.5,Mississippi
2022-12-01,50.1,-2.2,Mississippi
2023-01-01,52.4,5.9,Mississippi
2023-02-01,55.6,4.8,Mississippi
2023-03-01,59.6,0.8,Mississippi
2023-04-01,63.9,-0.1,Mississippi
2023-05-01,72.5,-0.8,Mississippi
2023-06-01,79.3,-0.4,Mississippi
2023-07-01,82.9,0.8,Mississippi
2023-08-01,84.6,2.6,Mississippi
2023-09-01,77.8,1.9,Mississippi
2023-10-01,66.8,0.3,Mississippi
2023-11-01,55.5,-1.0,Mississippi
2023-12-01,50.0,-2.3,Mississippi
2024-01-01,42.9,-3.6,Mississippi
2024-02-01,54.5,3.7,Mississippi
2024-03-01,58.6,-0.2,Mississippi
2024-04-01,66.1,2.1,Mississippi
2024-05-01,75.6,2.3,Mississippi
2024-06-01,80.2,0.5,Mississippi
2024-07-01,82.2,0.1,Mississippi
2024-08-01,82.4,0.4,Mississippi
2024-09-01,76.1,0.2,Mississippi
2024-10-01,67.9,1.4,Mississippi
2024-11-01,62.6,6.1,Mississippi
2024-12-01,50.6,-1.7,Mississippi
2021-01-01,33.6,1.8,Missouri
2021-02-01,24.4,-11.2,Missouri
2021-03-01,49.9,2.5,Missouri
2021-04-01,54.2,-1.3,Missouri
2021-05-01,62.3,-3.3,Missouri
2021-06-01,74.9,-0.1,Missouri
2021-07-01,76.7,-1.0,Missouri
2021-08-01,77.4,0.9,Missouri
2021-09-01,71.5,1.2,Missouri
2021-10-01,60.5,1.3,Missouri
2021-11-01,45.5,-0.7,Missouri
2021-12-01,44.7,5.3,Missouri
2022-01-01,28.4,-3.4,Missouri
2022-02-01,32.5,-3.1,Missouri
2022-03-01,46.1,-1.3,Missouri
2022-04-01,53.0,-2.5,Missouri
2022-05-01,65.9,0.3,Missouri
2022-06-01,75.3,0.3,Missouri
2022-07-01,79.8,2.1,Missouri
2022-08-01,76.4,-0.1,Missouri
2022-09-01,69.5,-0.8,Missouri
2022-10-01,56.0,-3.2,Missouri
2022-11-01,44.3,-1.9,Missouri
2022-12-01,33.1,-6.3,Missouri
2023-01-01,37.2,5.4,Missouri
2023-02-01,39.9,4.3,Missouri
2023-03-01,43.8,-3.6,Missouri
2023-04-01,56.2,0.7,Missouri
2023-05-01,66.1,0.5,Missouri
2023-06-01,73.9,-1.1,Missouri
2023-07-01,77.9,0.2,Missouri
2023-08-01,76.5,0.0,Missouri
2023-09-01,70.4,0.1,Missouri
2023-10-01,58.8,-0.4,Missouri
2023-11-01,46.2,0.0,Missouri
2023-12-01,41.9,2.5,Missouri
2024-01-01,27.9,-3.9,Missouri
2024-02-01,45.4,9.8,Missouri
2024-03-01,49.9,2.5,Missouri
2024-04-01,58.7,3.2,Missouri
2024-05-01,68.0,2.4,Missouri
2024-06-01,75.8,0.8,Missouri
2024-07-01,76.2,-1.5,Missouri
2024-08-01,75.8,-0.7,Missouri
2024-09-01,69.9,-0.4,Missouri
2024-10-01,61.4,2.2,Missouri
2024-11-01,48.8,2.6,Missouri
2024-12-01,38.0,-1.4,Missouri
2021-01-01,26.7,4.0,Montana
2021-02-01,13.7,-8.3,Montana
2021-03-01,36.1,5.1,Montana
2021-04-01,40.5,0.8,Montana
2021-05-01,48.6,-2.0,Montana
2021-06-01,65.3,4.5,Montana
2021-07-01,72.5,2.9,Montana
2021-08-01,64.7,-2.1,Montana
2021-09-01,58.3,-1.3,Montana
2021-10-01,45.6,-0.3,Montana
2021-11-01,36.3,5.2,Montana
2021-12-01,19.3,-4.3,Montana
2022-01-01,22.9,0.2,Montana
2022-02-01,22.6,0.6,Montana
2022-03-01,33.5,2.5,Montana
2022-04-01,35.2,-4.5,Montana
2022-05-01,48.5,-2.1,Montana
2022-06-01,58.5,-2.3,Montana
2022-07-01,69.0,-0.6,Montana
2022-08-01,69.7,2.9,Montana
2022-09-01,60.6,1.0,Montana
2022-10-01,47.1,1.2,Montana
2022-11-01,22.7,-8.4,Montana
2022-12-01,14.6,-9.0,Montana
2023-01-01,22.9,0.2,Montana
2023-02-01,23.3,1.3,Montana
2023-03-01,23.3,-7.7,Montana
2023-04-01,39.2,-0.5,Montana
2023-05-01,56.3,5.7,Montana
2023-06-01,60.4,-0.4,Montana
2023-07-01,67.4,-2.2,Montana
2023-08-01,66.8,0.0,Montana
2023-09-01,58.5,-1.1,Montana
2023-10-01,42.3,-3.6,Montana
2023-11-01,34.5,3.4,Montana
2023-12-01,31.3,7.7,Montana
2024-01-01,18.1,-4.6,Montana
2024-02-01,28.3,6.3,Montana
2024-03-01,31.0,0.0,Montana
2024-04-01,43.7,4.0,Montana
2024-05-01,48.9,-1.7,Montana
2024-06-01,58.9,-1.9,Montana
2024-07-01,69.4,-0.2,Montana
2024-08-01,65.8,-1.0,Montana
2024-09-01,61.1,1.5,Montana
2024-10-01,48.5,2.6,Montana
2024-11-01,30.8,-0.3,Montana
2024-12-01,29.0,5.4,Montana
2021-01-01,29.3,4.2,Nebraska
2021-02-01,16.5,-10.6,Nebraska
2021-03-01,42.6,4.0,Nebraska
2021-04-01,46.9,-1.1,Nebraska
2021-05-01,57.9,-1.6,Nebraska
2021-06-01,72.8,1.4,Nebraska
2021-07-01,75.0,0.5,Nebraska
2021-08-01,74.3,0.2,Nebraska
2021-09-01,67.6,-0.1,Nebraska
2021-10-01,53.2,0.0,Nebraska
2021-11-01,42.6,3.1,Nebraska
2021-12-01,33.8,2.9,Nebraska
2022-01-01,25.6,0.5,Nebraska
2022-02-01,26.9,-0.2,Nebraska
2022-03-01,38.1,-0.5,Nebraska
2022-04-01,46.6,-1.4,Nebraska
2022-05-01,58.7,-0.8,Nebraska
2022-06-01,71.4,0.0,Nebraska
2022-07-01,76.5,2.0,Nebraska
2022-08-01,75.0,0.9,Nebraska
2022-09-01,67.5,-0.2,Nebraska
2022-10-01,52.2,-1.0,Nebraska
2022-11-01,34.6,-4.9,Nebraska
2022-12-01,22.7,-8.2,Nebraska
2023-01-01,24.8,-0.3,Nebraska
2023-02-01,26.9,-0.2,Nebraska
2023-03-01,33.6,-5.0,Nebraska
2023-04-01,48.2,0.2,Nebraska
2023-05-01,62.0,2.5,Nebraska
2023-06-01,69.8,-1.6,Nebraska
2023-07-01,72.8,-1.7,Nebraska
2023-08-01,73.8,-0.3,Nebraska
2023-09-01,67.2,-0.5,Nebraska
2023-10-01,51.2,-2.0,Nebraska
2023-11-01,40.8,1.3,Nebraska
2023-12-01,34.1,3.2,Nebraska
2024-01-01,20.5,-4.6,Nebraska
2024-02-01,37.9,10.8,Nebraska
2024-03-01,40.2,1.6,Nebraska
2024-04-01,50.2,2.2,Nebraska
2024-05-01,59.4,-0.1,Nebraska
2024-06-01,71.5,0.1,Nebraska
2024-07-01,73.5,-1.0,Nebraska
2024-08-01,73.1,-1.0,Nebraska
2024-09-01,68.6,0.9,Nebraska
2024-10-01,56.3,3.1,Nebraska
2024-11-01,39.8,0.3,Nebraska
2024-12-01,33.0,2.1,Nebraska
2021-01-01,33.7,0.8,Nevada
2021-02-01,35.6,1.2,Nevada
2021-03-01,39.2,0.1,Nevada
2021-04-01,49.3,1.4,Nevada
2021-05-01,57.2,1.1,Nevada
2021-06-01,72.6,4.6,Nevada
2021-07-01,77.8,0.9,Nevada
2021-08-01,72.4,-0.1,Nevada
2021-09-01,65.5,0.3,Nevada
2021-10-01,49.6,-3.5,Nevada
2021-11-01,45.2,5.9,Nevada
2021-12-01,32.4,-2.3,Nevada
2022-01-01,34.2,1.3,Nevada
2022-02-01,34.6,0.2,Nevada
2022-03-01,43.3,4.2,Nevada
2022-04-01,47.3,-0.6,Nevada
2022-05-01,54.5,-1.6,Nevada
2022-06-01,66.9,-1.1,Nevada
2022-07-01,76.3,-0.6,Nevada
2022-08-01,74.4,1.9,Nevada
2022-09-01,67.6,2.4,Nevada
2022-10-01,54.3,1.2,Nevada
2022-11-01,34.3,-5.0,Nevada
2022-12-01,31.7,-3.0,Nevada
2023-01-01,29.2,-3.7,Nevada
2023-02-01,30.8,-3.6,Nevada
2023-03-01,33.6,-5.5,Nevada
2023-04-01,46.6,-1.3,Nevada
2023-05-01,57.3,1.2,Nevada
2023-06-01,61.9,-6.1,Nevada
2023-07-01,76.3,-0.6,Nevada
2023-08-01,71.0,-1.5,Nevada
2023-09-01,62.0,-3.2,Nevada
2023-10-01,52.3,-0.8,Nevada
2023-11-01,40.6,1.3,Nevada
2023-12-01,37.0,2.3,Nevada
2024-01-01,34.4,1.5,Nevada
2024-02-01,36.4,2.0,Nevada
2024-03-01,40.1,1.0,Nevada
2024-04-01,48.4,0.5,Nevada
2024-05-01,55.4,-0.7,Nevada
2024-06-01,70.7,2.7,Nevada
2024-07-01,77.1,0.2,Nevada
2024-08-01,72.3,-0.2,Nevada
2024-09-01,65.8,0.6,Nevada
2024-10-01,56.2,3.1,Nevada
2024-11-01,37.2,-2.1,Nevada
2024-12-01,37.7,3.0,Nevada
2021-01-01,23.0,0.1,New Hampshire
2021-02-01,20.6,-3.3,New Hampshire
2021-03-01,32.4,-0.6,New Hampshire
2021-04-01,44.0,0.3,New Hampshire
2021-05-01,54.5,-1.0,New Hampshire
2021-06-01,66.1,2.3,New Hampshire
2021-07-01,65.6,-3.5,New Hampshire
2021-08-01,69.2,1.8,New Hampshire
2021-09-01,60.5,0.4,New Hampshire
2021-10-01,52.1,1.8,New Hampshire
2021-11-01,35.9,-1.4,New Hampshire
2021-12-01,28.9,0.3,New Hampshire
2022-01-01,14.7,-8.2,New Hampshire
2022-02-01,23.5,-0.4,New Hampshire
2022-03-01,32.0,-1.0,New Hampshire
2022-04-01,42.6,-1.1,New Hampshire
2022-05-01,57.2,1.7,New Hampshire
2022-06-01,61.8,-2.0,New Hampshire
2022-07-01,68.7,-0.4,New Hampshire
2022-08-01,69.8,2.4,New Hampshire
2022-09-01,58.2,-1.9,New Hampshire
2022-10-01,48.7,-1.6,New Hampshire
2022-11-01,39.5,2.2,New Hampshire
2022-12-01,28.3,-0.3,New Hampshire
2023-01-01,29.0,6.1,New Hampshire
2023-02-01,24.2,0.3,New Hampshire
2023-03-01,32.3,-0.7,New Hampshire
2023-04-01,45.0,1.3,New Hampshire
2023-05-01,52.9,-2.6,New Hampshire
2023-06-01,61.9,-1.9,New Hampshire
2023-07-01,70.5,1.4,New Hampshire
2023-08-01,64.5,-2.9,New Hampshire
2023-09-01,61.7,1.6,New Hampshire
2023-10-01,52.3,2.0,New Hampshire
2023-11-01,33.7,-3.6,New Hampshire
2023-12-01,32.4,3.8,New Hampshire
2024-01-01,24.7,1.8,New Hampshire
2024-02-01,27.4,3.5,New Hampshire
2024-03-01,35.2,2.2,New Hampshire
2024-04-01,43.0,-0.7,New Hampshire
2024-05-01,57.3,1.8,New Hampshire
2024-06-01,65.5,1.7,New Hampshire
2024-07-01,71.4,2.3,New Hampshire
2024-08-01,66.0,-1.4,New Hampshire
2024-09-01,59.9,-0.2,New Hampshire
2024-10-01,48.2,-2.1,New Hampshire
2024-11-01,40.0,2.7,New Hampshire
2024-12-01,24.7,-3.9,New Hampshire
2021-01-01,33.7,-0.9,New Jersey
2021-02-01,32.0,-4.1,New Jersey
2021-03-01,44.0,-0.1,New Jersey
2021-04-01,52.6,-0.4,New Jersey
2021-05-01,60.8,-1.0,New Jersey
2021-06-01,71.8,1.0,New Jersey
2021-07-01,75.7,-1.5,New Jersey
2021-08-01,75.9,0.8,New Jersey
2021-09-01,68.7,0.9,New Jersey
2021-10-01,61.0,3.2,New Jersey
2021-11-01,43.6,-2.3,New Jersey
2021-12-01,41.2,2.9,New Jersey
2022-01-01,28.6,-6.0,New Jersey
2022-02-01,35.6,-0.5,New Jersey
2022-03-01,43.9,-0.2,New Jersey
2022-04-01,51.1,-1.9,New Jersey
2022-05-01,63.2,1.4,New Jersey
2022-06-01,69.9,-0.9,New Jersey
2022-07-01,77.9,0.7,New Jersey
2022-08-01,77.2,2.1,New Jersey
2022-09-01,67.6,-0.2,New Jersey
2022-10-01,54.0,-3.8,New Jersey
2022-11-01,47.6,1.7,New Jersey
2022-12-01,35.5,-2.8,New Jersey
2023-01-01,41.2,6.6,New Jersey
2023-02-01,39.1,3.0,New Jersey
2023-03-01,42.3,-1.8,New Jersey
2023-04-01,55.4,2.4,New Jersey
2023-05-01,59.3,-2.5,New Jersey
2023-06-01,67.8,-3.0,New Jersey
2023-07-01,77.2,0.0,New Jersey
2023-08-01,73.2,-1.9,New Jersey
2023-09-01,68.0,0.2,New Jersey
2023-10-01,58.4,0.6,New Jersey
2023-11-01,43.3,-2.6,New Jersey
2023-12-01,41.5,3.2,New Jersey
2024-01-01,34.8,0.2,New Jersey
2024-02-01,37.5,1.4,New Jersey
2024-03-01,46.2,2.1,New Jersey
2024-04-01,52.8,-0.2,New Jersey
2024-05-01,63.8,2.0,New Jersey
2024-06-01,73.6,2.8,New Jersey
2024-07-01,77.9,0.7,New Jersey
2024-08-01,73.9,-1.2,New Jersey
2024-09-01,67.0,-0.8,New Jersey
2024-10-01,57.7,-0.1,New Jersey
2024-11-01,49.1,3.2,New Jersey
2024-12-01,35.0,-3.3,New Jersey
2021-01-01,35.1,-0.2,New Mexico
2021-02-01,37.3,-0.4,New Mexico
2021-03-01,44.8,0.1,New Mexico
2021-04-01,53.2,-0.3,New Mexico
2021-05-01,62.7,-0.4,New Mexico
2021-06-01,73.1,0.6,New Mexico
2021-07-01,73.3,-2.5,New Mexico
2021-08-01,72.2,-1.4,New Mexico
2021-09-01,68.3,0.1,New Mexico
2021-10-01,55.6,-1.3,New Mexico
2021-11-01,47.6,3.5,New Mexico
2021-12-01,42.0,2.4,New Mexico
2022-01-01,35.6,0.3,New Mexico
2022-02-01,35.0,-2.7,New Mexico
2022-03-01,44.4,-0.3,New Mexico
2022-04-01,55.3,1.8,New Mexico
2022-05-01,64.8,1.7,New Mexico
2022-06-01,72.6,0.1,New Mexico
2022-07-01,76.3,0.5,New Mexico
2022-08-01,71.9,-1.7,New Mexico
2022-09-01,68.0,-0.2,New Mexico
2022-10-01,53.9,-3.0,New Mexico
2022-11-01,40.1,-4.0,New Mexico
2022-12-01,37.2,-2.4,New Mexico
2023-01-01,35.4,0.1,New Mexico
2023-02-01,37.0,-0.7,New Mexico
2023-03-01,43.9,-0.8,New Mexico
2023-04-01,52.0,-1.5,New Mexico
2023-05-01,62.3,-0.8,New Mexico
2023-06-01,69.6,-2.9,New Mexico
2023-07-01,78.6,2.8,New Mexico
2023-08-01,75.1,1.5,New Mexico
2023-09-01,68.8,0.6,New Mexico
2023-10-01,57.3,0.4,New Mexico
2023-11-01,45.3,1.2,New Mexico
2023-12-01,38.5,-1.1,New Mexico
2024-01-01,34.9,-0.4,New Mexico
2024-02-01,41.6,3.9,New Mexico
2024-03-01,45.5,0.8,New Mexico
2024-04-01,53.3,-0.2,New Mexico
2024-05-01,62.4,-0.7,New Mexico
2024-06-01,74.8,2.3,New Mexico
2024-07-01,74.8,-1.0,New Mexico
2024-08-01,75.3,1.7,New Mexico
2024-09-01,67.6,-0.6,New Mexico
2024-10-01,60.8,3.9,New Mexico
2024-11-01,43.5,-0.6,New Mexico
2024-12-01,40.8,1.2,New Mexico
2021-01-01,24.0,-0.3,New York
2021-02-01,21.7,-4.3,New York
2021-03-01,35.0,0.3,New York
2021-04-01,45.7,-0.2,New York
2021-05-01,54.7,-2.1,New York
2021-06-01,67.1,1.9,New York
2021-07-01,67.7,-2.1,New York
2021-08-01,70.4,2.0,New York
2021-09-01,61.7,0.1,New York
2021-10-01,54.8,3.0,New York
2021-11-01,37.0,-2.0,New York
2021-12-01,32.8,1.8,New York
2022-01-01,15.8,-8.5,New York
2022-02-01,23.8,-2.2,New York
2022-03-01,33.8,-0.9,New York
2022-04-01,43.8,-2.1,New York
2022-05-01,58.6,1.8,New York
2022-06-01,63.8,-1.4,New York
2022-07-01,69.7,-0.1,New York
2022-08-01,70.0,1.6,New York
2022-09-01,60.5,-1.1,New York
2022-10-01,48.9,-2.9,New York
2022-11-01,41.0,2.0,New York
2022-12-01,29.0,-2.0,New York
2023-01-01,30.6,6.3,New York
2023-02-01,28.1,2.1,New York
2023-03-01,32.6,-2.1,New York
2023-04-01,48.0,2.1,New York
2023-05-01,53.9,-2.9,New York
2023-06-01,63.1,-2.1,New York
2023-07-01,70.7,0.9,New York
2023-08-01,65.8,-2.6,New York
2023-09-01,61.7,0.1,New York
2023-10-01,53.0,1.2,New York
2023-11-01,36.1,-2.9,New York
2023-12-01,35.0,4.0,New York
2024-01-01,26.6,2.3,New York
2024-02-01,30.4,4.4,New York
2024-03-01,37.5,2.8,New York
2024-04-01,45.9,0.0,New York
2024-05-01,60.1,3.3,New York
2024-06-01,66.6,1.4,New York
2024-07-01,71.2,1.4,New York
2024-08-01,67.3,-1.1,New York
2024-09-01,62.4,0.8,New York
2024-10-01,50.6,-1.2,New York
2024-11-01,41.7,2.7,New York
2024-12-01,27.2,-3.8,New York
2021-01-01,40.8,-1.2,North Carolina
2021-02-01,42.2,-4.4,North Carolina
2021-03-01,53.1,0.0,North Carolina
2021-04-01,58.6,-1.1,North Carolina
2021-05-01,65.5,-1.4,North Carolina
2021-06-01,73.8,0.0,North Carolina
2021-07-01,77.1,-1.3,North Carolina
2021-08-01,77.8,0.9,North Carolina
2021-09-01,70.6,-0.1,North Carolina
2021-10-01,64.4,3.4,North Carolina
2021-11-01,48.1,-3.6,North Carolina
2021-12-01,50.8,5.2,North Carolina
2022-01-01,38.7,-3.3,North Carolina
2022-02-01,46.0,-0.6,North Carolina
2022-03-01,53.4,0.3,North Carolina
2022-04-01,58.8,-0.9,North Carolina
2022-05-01,68.8,1.9,North Carolina
2022-06-01,75.1,1.3,North Carolina
2022-07-01,79.1,0.7,North Carolina
2022-08-01,76.5,-0.4,North Carolina
2022-09-01,70.3,-0.4,North Carolina
2022-10-01,57.4,-3.6,North Carolina
2022-11-01,53.2,1.5,North Carolina
2022-12-01,41.8,-3.8,North Carolina
2023-01-01,46.7,4.7,North Carolina
2023-02-01,51.2,4.6,North Carolina
2023-03-01,52.2,-0.9,North Carolina
2023-04-01,60.3,0.6,North Carolina
2023-05-01,64.2,-2.7,North Carolina
2023-06-01,70.8,-3.0,North Carolina
2023-07-01,78.6,0.2,North Carolina
2023-08-01,77.3,0.4,North Carolina
2023-09-01,70.8,0.1,North Carolina
2023-10-01,60.9,-0.1,North Carolina
2023-11-01,50.2,-1.5,North Carolina
2023-12-01,46.0,0.4,North Carolina
2024-01-01,41.8,-0.2,North Carolina
2024-02-01,46.8,0.2,North Carolina
2024-03-01,53.8,0.7,North Carolina
2024-04-01,61.0,1.3,North Carolina
2024-05-01,69.2,2.3,North Carolina
2024-06-01,75.6,1.8,North Carolina
2024-07-01,78.8,0.4,North Carolina
2024-08-01,75.9,-1.0,North Carolina
2024-09-01,71.0,0.3,North Carolina
2024-10-01,61.1,0.1,North Carolina
2024-11-01,55.1,3.4,North Carolina
2024-12-01,43.8,-1.8,North Carolina
2021-01-01,21.0,7.2,North Dakota
2021-02-01,5.8,-8.4,North Dakota
2021-03-01,35.9,10.3,North Dakota
2021-04-01,40.7,2.5,North Dakota
2021-05-01,52.8,-2.1,North Dakota
2021-06-01,69.3,2.9,North Dakota
2021-07-01,73.8,3.2,North Dakota
2021-08-01,68.9,0.6,North Dakota
2021-09-01,62.2,-0.3,North Dakota
2021-10-01,48.6,1.6,North Dakota
2021-11-01,32.6,3.6,North Dakota
2021-12-01,14.0,-2.4,North Dakota
2022-01-01,8.7,-5.1,North Dakota
2022-02-01,9.4,-4.8,North Dakota
2022-03-01,26.9,1.3,North Dakota
2022-04-01,33.6,-4.6,North Dakota
2022-05-01,52.9,-2.0,North Dakota
2022-06-01,64.6,-1.8,North Dakota
2022-07-01,70.7,0.1,North Dakota
2022-08-01,69.5,1.2,North Dakota
2022-09-01,61.0,-1.5,North Dakota
2022-10-01,46.0,-1.0,North Dakota
2022-11-01,23.1,-5.9,North Dakota
2022-12-01,6.7,-9.7,North Dakota
2023-01-01,13.1,-0.7,North Dakota
2023-02-01,14.5,0.3,North Dakota
2023-03-01,14.0,-11.6,North Dakota
2023-04-01,34.7,-3.5,North Dakota
2023-05-01,60.0,5.1,North Dakota
2023-06-01,69.2,2.8,North Dakota
2023-07-01,67.2,-3.4,North Dakota
2023-08-01,67.9,-0.4,North Dakota
2023-09-01,61.9,-0.6,North Dakota
2023-10-01,43.7,-3.3,North Dakota
2023-11-01,31.1,2.1,North Dakota
2023-12-01,26.7,10.3,North Dakota
2024-01-01,12.4,-1.4,North Dakota
2024-02-01,27.0,12.8,North Dakota
2024-03-01,25.7,0.1,North Dakota
2024-04-01,43.9,5.7,North Dakota
2024-05-01,53.9,-1.0,North Dakota
2024-06-01,62.6,-3.8,North Dakota
2024-07-01,70.8,0.2,North Dakota
2024-08-01,66.8,-1.5,North Dakota
2024-09-01,64.8,2.3,North Dakota
2024-10-01,49.7,2.7,North Dakota
2024-11-01,29.2,0.2,North Dakota
2024-12-01,18.3,1.9,North Dakota
2021-01-01,30.9,0.5,Ohio
2021-02-01,25.2,-8.2,Ohio
2021-03-01,44.8,1.4,Ohio
2021-04-01,51.4,-0.4,Ohio
2021-05-01,58.8,-3.1,Ohio
2021-06-01,71.5,1.3,Ohio
2021-07-01,73.0,-0.5,Ohio
2021-08-01,74.6,2.0,Ohio
2021-09-01,66.9,0.4,Ohio
2021-10-01,60.3,4.2,Ohio
2021-11-01,40.5,-2.9,Ohio
2021-12-01,40.2,3.3,Ohio
2022-01-01,24.0,-6.4,Ohio
2022-02-01,30.7,-2.7,Ohio
2022-03-01,43.2,-0.2,Ohio
2022-04-01,48.6,-3.2,Ohio
2022-05-01,63.8,1.9,Ohio
2022-06-01,70.6,0.4,Ohio
2022-07-01,74.0,0.5,Ohio
2022-08-01,72.2,-0.4,Ohio
2022-09-01,65.2,-1.3,Ohio
2022-10-01,52.0,-4.1,Ohio
2022-11-01,43.9,0.5,Ohio
2022-12-01,32.6,-4.3,Ohio
2023-01-01,36.7,6.3,Ohio
2023-02-01,38.6,5.2,Ohio
2023-03-01,40.6,-2.8,Ohio
2023-04-01,52.2,0.4,Ohio
2023-05-01,59.3,-2.6,Ohio
2023-06-01,66.9,-3.3,Ohio
2023-07-01,73.5,0.0,Ohio
2023-08-01,70.6,-2.0,Ohio
2023-09-01,65.9,-0.6,Ohio
2023-10-01,55.8,-0.3,Ohio
2023-11-01,42.1,-1.3,Ohio
2023-12-01,40.2,3.3,Ohio
2024-01-01,29.9,-0.5,Ohio
2024-02-01,39.0,5.6,Ohio
2024-03-01,44.8,1.4,Ohio
2024-04-01,54.8,3.0,Ohio
2024-05-01,65.7,3.8,Ohio
2024-06-01,71.6,1.4,Ohio
2024-07-01,73.6,0.1,Ohio
2024-08-01,72.9,0.3,Ohio
2024-09-01,68.1,1.6,Ohio
2024-10-01,56.2,0.1,Ohio
2024-11-01,47.1,3.7,Ohio
2024-12-01,34.6,-2.3,Ohio
2021-01-01,39.7,1.4,Oklahoma
2021-02-01,31.3,-9.6,Oklahoma
2021-03-01,53.9,1.6,Oklahoma
2021-04-01,57.4,-2.6,Oklahoma
2021-05-01,65.9,-3.2,Oklahoma
2021-06-01,77.4,-1.1,Oklahoma
2021-07-01,80.0,-2.5,Oklahoma
2021-08-01,81.3,-1.4,Oklahoma
2021-09-01,76.7,0.7,Oklahoma
2021-10-01,64.4,0.1,Oklahoma
2021-11-01,51.2,0.5,Oklahoma
2021-12-01,50.4,5.3,Oklahoma
2022-01-01,37.0,-1.3,Oklahoma
2022-02-01,38.5,-2.4,Oklahoma
2022-03-01,50.4,-1.9,Oklahoma
2022-04-01,61.0,1.0,Oklahoma
2022-05-01,70.6,1.5,Oklahoma
2022-06-01,79.4,0.9,Oklahoma
2022-07-01,86.6,4.1,Oklahoma
2022-08-01,82.5,-0.2,Oklahoma
2022-09-01,75.9,-0.1,Oklahoma
2022-10-01,62.0,-2.3,Oklahoma
2022-11-01,47.3,-3.4,Oklahoma
2022-12-01,40.1,-5.0,Oklahoma
2023-01-01,42.4,4.1,Oklahoma
2023-02-01,44.0,3.1,Oklahoma
2023-03-01,50.4,-1.9,Oklahoma
2023-04-01,58.7,-1.3,Oklahoma
2023-05-01,69.1,0.0,Oklahoma
2023-06-01,76.7,-1.8,Oklahoma
2023-07-01,81.9,-0.6,Oklahoma
2023-08-01,83.7,1.0,Oklahoma
2023-09-01,76.7,0.7,Oklahoma
2023-10-01,62.5,-1.8,Oklahoma
2023-11-01,51.0,0.3,Oklahoma
2023-12-01,44.9,-0.2,Oklahoma
2024-01-01,33.9,-4.4,Oklahoma
2024-02-01,49.9,9.0,Oklahoma
2024-03-01,54.3,2.0,Oklahoma
2024-04-01,62.7,2.7,Oklahoma
2024-05-01,70.7,1.6,Oklahoma
2024-06-01,80.4,1.9,Oklahoma
2024-07-01,81.4,-1.1,Oklahoma
2024-08-01,83.4,0.7,Oklahoma
2024-09-01,74.7,-1.3,Oklahoma
2024-10-01,68.1,3.8,Oklahoma
2024-11-01,53.3,2.6,Oklahoma
2024-12-01,45.1,0.0,Oklahoma
2021-01-01,34.8,0.8,Oregon
2021-02-01,33.6,-1.0,Oregon
2021-03-01,39.0,0.7,Oregon
2021-04-01,46.6,2.9,Oregon
2021-05-01,52.0,0.6,Oregon
2021-06-01,65.2,4.4,Oregon
2021-07-01,71.4,1.2,Oregon
2021-08-01,66.4,-1.1,Oregon
2021-09-01,59.4,-0.9,Oregon
2021-10-01,47.6,-3.0,Oregon
2021-11-01,41.9,3.7,Oregon
2021-12-01,32.4,-1.9,Oregon
2022-01-01,34.9,0.9,Oregon
2022-02-01,35.6,1.0,Oregon
2022-03-01,41.9,3.6,Oregon
2022-04-01,40.6,-3.1,Oregon
2022-05-01,48.1,-3.3,Oregon
2022-06-01,58.3,-2.5,Oregon
2022-07-01,69.3,-0.9,Oregon
2022-08-01,70.4,2.9,Oregon
2022-09-01,62.5,2.2,Oregon
2022-10-01,53.8,3.2,Oregon
2022-11-01,33.7,-4.5,Oregon
2022-12-01,30.6,-3.7,Oregon
2023-01-01,32.0,-2.0,Oregon
2023-02-01,32.3,-2.3,Oregon
2023-03-01,33.2,-5.1,Oregon
2023-04-01,42.8,-0.9,Oregon
2023-05-01,55.3,3.9,Oregon
2023-06-01,59.2,-1.6,Oregon
2023-07-01,68.9,-1.3,Oregon
2023-08-01,67.7,0.2,Oregon
2023-09-01,57.7,-2.6,Oregon
2023-10-01,50.0,-0.6,Oregon
2023-11-01,39.9,1.7,Oregon
2023-12-01,37.3,3.0,Oregon
2024-01-01,34.2,0.2,Oregon
2024-02-01,36.7,2.1,Oregon
2024-03-01,39.2,0.9,Oregon
2024-04-01,44.8,1.1,Oregon
2024-05-01,50.1,-1.3,Oregon
2024-06-01,60.6,-0.2,Oregon
2024-07-01,71.1,0.9,Oregon
2024-08-01,65.6,-1.9,Oregon
2024-09-01,61.4,1.1,Oregon
2024-10-01,50.8,0.2,Oregon
2024-11-01,37.3,-0.9,Oregon
2024-12-01,36.8,2.5,Oregon
2021-01-01,29.4,0.0,Pennsylvania
2021-02-01,26.6,-5.2,Pennsylvania
2021-03-01,40.7,0.7,Pennsylvania
2021-04-01,49.3,-0.4,Pennsylvania
2021-05-01,57.0,-2.0,Pennsylvania
2021-06-01,68.6,1.3,Pennsylvania
2021-07-01,71.2,-1.1,Pennsylvania
2021-08-01,72.6,2.0,Pennsylvania
2021-09-01,64.3,0.6,Pennsylvania
2021-10-01,57.7,4.1,Pennsylvania
2021-11-01,39.0,-2.5,Pennsylvania
2021-12-01,37.6,3.3,Pennsylvania
2022-01-01,22.5,-6.9,Pennsylvania
2022-02-01,29.7,-2.1,Pennsylvania
2022-03-01,39.4,-0.6,Pennsylvania
2022-04-01,47.0,-2.7,Pennsylvania
2022-05-01,60.5,1.5,Pennsylvania
2022-06-01,67.1,-0.2,Pennsylvania
2022-07-01,72.3,0.0,Pennsylvania
2022-08-01,71.4,0.8,Pennsylvania
2022-09-01,63.0,-0.7,Pennsylvania
2022-10-01,49.4,-4.2,Pennsylvania
2022-11-01,42.8,1.3,Pennsylvania
2022-12-01,30.6,-3.7,Pennsylvania
2023-01-01,35.8,6.4,Pennsylvania
2023-02-01,35.8,4.0,Pennsylvania
2023-03-01,37.8,-2.2,Pennsylvania
2023-04-01,51.7,2.0,Pennsylvania
2023-05-01,56.2,-2.8,Pennsylvania
2023-06-01,64.4,-2.9,Pennsylvania
2023-07-01,72.3,0.0,Pennsylvania
2023-08-01,68.8,-1.8,Pennsylvania
2023-09-01,63.6,-0.1,Pennsylvania
2023-10-01,54.2,0.6,Pennsylvania
2023-11-01,39.6,-1.9,Pennsylvania
2023-12-01,37.9,3.6,Pennsylvania
2024-01-01,30.0,0.6,Pennsylvania
2024-02-01,35.1,3.3,Pennsylvania
2024-03-01,42.1,2.1,Pennsylvania
2024-04-01,50.8,1.1,Pennsylvania
2024-05-01,62.3,3.3,Pennsylvania
2024-06-01,69.1,1.8,Pennsylvania
2024-07-01,73.4,1.1,Pennsylvania
2024-08-01,69.6,-1.0,Pennsylvania
2024-09-01,64.0,0.3,Pennsylvania
2024-10-01,53.0,-0.6,Pennsylvania
2024-11-01,44.4,2.9,Pennsylvania
2024-12-01,31.0,-3.3,Pennsylvania
2021-01-01,31.3,-0.8,Rhode Island
2021-02-01,30.9,-2.0,Rhode Island
2021-03-01,40.2,-0.5,Rhode Island
2021-04-01,48.8,-0.1,Rhode Island
2021-05-01,58.0,-0.5,Rhode Island
2021-06-01,69.6,2.2,Rhode Island
2021-07-01,71.2,-2.3,Rhode Island
2021-08-01,73.6,1.5,Rhode Island
2021-09-01,66.4,1.5,Rhode Island
2021-10-01,58.4,2.3,Rhode Island
2021-11-01,42.9,-1.5,Rhode Island
2021-12-01,38.6,1.8,Rhode Island
2022-01-01,27.0,-5.1,Rhode Island
2022-02-01,32.4,-0.5,Rhode Island
2022-03-01,40.6,-0.1,Rhode Island
2022-04-01,48.4,-0.5,Rhode Island
2022-05-01,60.4,1.9,Rhode Island
2022-06-01,66.3,-1.1,Rhode Island
2022-07-01,74.4,0.9,Rhode Island
2022-08-01,75.0,2.9,Rhode Island
2022-09-01,63.6,-1.3,Rhode Island
2022-10-01,54.4,-1.7,Rhode Island
2022-11-01,46.8,2.4,Rhode Island
2022-12-01,35.5,-1.3,Rhode Island
2023-01-01,37.8,5.7,Rhode Island
2023-02-01,34.3,1.4,Rhode Island
2023-03-01,39.7,-1.0,Rhode Island
2023-04-01,50.7,1.8,Rhode Island
2023-05-01,56.2,-2.3,Rhode Island
2023-06-01,64.5,-2.9,Rhode Island
2023-07-01,74.3,0.8,Rhode Island
2023-08-01,69.6,-2.5,Rhode Island
2023-09-01,65.8,0.9,Rhode Island
2023-10-01,56.8,0.7,Rhode Island
2023-11-01,41.0,-3.4,Rhode Island
2023-12-01,39.7,2.9,Rhode Island
2024-01-01,32.1,0.0,Rhode Island
2024-02-01,33.8,0.9,Rhode Island
2024-03-01,42.4,1.7,Rhode Island
2024-04-01,47.8,-1.1,Rhode Island
2024-05-01,59.2,0.7,Rhode Island
2024-06-01,69.0,1.6,Rhode Island
2024-07-01,74.1,0.6,Rhode Island
2024-08-01,70.1,-2.0,Rhode Island
2024-09-01,63.6,-1.3,Rhode Island
2024-10-01,54.7,-1.4,Rhode Island
2024-11-01,46.8,2.4,Rhode Island
2024-12-01,33.5,-3.3,Rhode Island
2021-01-01,46.0,-0.4,South Carolina
2021-02-01,47.2,-4.3,South Carolina
2021-03-01,57.6,-0.1,South Carolina
2021-04-01,62.0,-1.0,South Carolina
2021-05-01,69.1,-1.4,South Carolina
2021-06-01,76.8,-0.4,South Carolina
2021-07-01,79.4,-1.7,South Carolina
2021-08-01,80.1,0.3,South Carolina
2021-09-01,73.5,-0.4,South Carolina
2021-10-01,66.8,2.8,South Carolina
2021-11-01,51.6,-3.9,South Carolina
2021-12-01,54.6,5.2,South Carolina
2022-01-01,43.6,-2.8,South Carolina
2022-02-01,51.8,0.3,South Carolina
2022-03-01,57.7,0.0,South Carolina
2022-04-01,62.3,-0.7,South Carolina
2022-05-01,72.8,2.3,South Carolina
2022-06-01,78.9,1.7,South Carolina
2022-07-01,81.3,0.2,South Carolina
2022-08-01,79.0,-0.8,South Carolina
2022-09-01,73.8,-0.1,South Carolina
2022-10-01,60.9,-3.1,South Carolina
2022-11-01,57.0,1.5,South Carolina
2022-12-01,46.1,-3.3,South Carolina
2023-01-01,50.4,4.0,South Carolina
2023-02-01,56.2,4.7,South Carolina
2023-03-01,57.1,-0.6,South Carolina
2023-04-01,63.4,0.4,South Carolina
2023-05-01,67.4,-3.1,South Carolina
2023-06-01,74.2,-3.0,South Carolina
2023-07-01,81.4,0.3,South Carolina
2023-08-01,80.8,1.0,South Carolina
2023-09-01,73.4,-0.5,South Carolina
2023-10-01,63.7,-0.3,South Carolina
2023-11-01,54.2,-1.3,South Carolina
2023-12-01,49.3,-0.1,South Carolina
2024-01-01,45.7,-0.7,South Carolina
2024-02-01,50.6,-0.9,South Carolina
2024-03-01,58.2,0.5,South Carolina
2024-04-01,64.4,1.4,South Carolina
2024-05-01,72.7,2.2,South Carolina
2024-06-01,78.7,1.5,South Carolina
2024-07-01,82.1,1.0,South Carolina
2024-08-01,79.1,-0.7,South Carolina
2024-09-01,74.8,0.9,South Carolina
2024-10-01,64.7,0.7,South Carolina
2024-11-01,59.3,3.8,South Carolina
2024-12-01,47.5,-1.9,South Carolina
2021-01-01,26.5,6.0,South Dakota
2021-02-01,12.8,-9.1,South Dakota
2021-03-01,39.4,6.7,South Dakota
2021-04-01,43.6,0.8,South Dakota
2021-05-01,55.0,-2.0,South Dakota
2021-06-01,72.3,3.2,South Dakota
2021-07-01,75.3,1.9,South Dakota
2021-08-01,72.5,0.5,South Dakota
2021-09-01,65.0,-0.9,South Dakota
2021-10-01,51.2,0.8,South Dakota
2021-11-01,38.2,3.5,South Dakota
2021-12-01,24.5,0.1,South Dakota
2022-01-01,19.1,-1.4,South Dakota
2022-02-01,20.0,-1.9,South Dakota
2022-03-01,33.4,0.7,South Dakota
2022-04-01,39.7,-3.1,South Dakota
2022-05-01,55.4,-1.6,South Dakota
2022-06-01,67.6,-1.5,South Dakota
2022-07-01,74.6,1.2,South Dakota
2022-08-01,73.2,1.2,South Dakota
2022-09-01,65.4,-0.5,South Dakota
2022-10-01,49.4,-1.0,South Dakota
2022-11-01,29.2,-5.5,South Dakota
2022-12-01,15.1,-9.3,South Dakota
2023-01-01,19.9,-0.6,South Dakota
2023-02-01,22.0,0.1,South Dakota
2023-03-01,23.9,-8.8,South Dakota
2023-04-01,41.3,-1.5,South Dakota
2023-05-01,61.2,4.2,South Dakota
2023-06-01,69.7,0.6,South Dakota
2023-07-01,70.8,-2.6,South Dakota
2023-08-01,71.6,-0.4,South Dakota
2023-09-01,64.8,-1.1,South Dakota
2023-10-01,47.3,-3.1,South Dakota
2023-11-01,37.0,2.3,South Dakota
2023-12-01,31.2,6.8,South Dakota
2024-01-01,16.4,-4.1,South Dakota
2024-02-01,32.7,10.8,South Dakota
2024-03-01,34.1,1.4,South Dakota
2024-04-01,46.5,3.7,South Dakota
2024-05-01,56.5,-0.5,South Dakota
2024-06-01,66.9,-2.2,South Dakota
2024-07-01,72.9,-0.5,South Dakota
2024-08-01,70.7,-1.3,South Dakota
2024-09-01,68.2,2.3,South Dakota
2024-10-01,53.6,3.2,South Dakota
2024-11-01,34.5,-0.2,South Dakota
2024-12-01,26.6,2.2,South Dakota
2021-01-01,39.7,1.0,Tennessee
2021-02-01,37.4,-6.5,Tennessee
2021-03-01,53.6,1.4,Tennessee
2021-04-01,56.2,-1.6,Tennessee
2021-05-01,64.1,-3.1,Tennessee
2021-06-01,74.0,-0.4,Tennessee
2021-07-01,77.0,-1.2,Tennessee
2021-08-01,77.2,0.5,Tennessee
2021-09-01,69.7,-0.7,Tennessee
2021-10-01,63.4,2.8,Tennessee
2021-11-01,45.6,-4.3,Tennessee
2021-12-01,50.4,5.8,Tennessee
2022-01-01,35.5,-3.2,Tennessee
2022-02-01,41.8,-2.1,Tennessee
2022-03-01,51.6,-0.6,Tennessee
2022-04-01,56.7,-1.1,Tennessee
2022-05-01,69.0,1.8,Tennessee
2022-06-01,75.8,1.4,Tennessee
2022-07-01,80.2,2.0,Tennessee
2022-08-01,76.4,-0.3,Tennessee
2022-09-01,69.4,-1.0,Tennessee
2022-10-01,56.3,-4.3,Tennessee
2022-11-01,49.0,-0.9,Tennessee
2022-12-01,40.8,-3.8,Tennessee
2023-01-01,44.9,6.2,Tennessee
2023-02-01,48.6,4.7,Tennessee
2023-03-01,50.5,-1.7,Tennessee
2023-04-01,57.8,0.0,Tennessee
2023-05-01,66.1,-1.1,Tennessee
2023-06-01,72.0,-2.4,Tennessee
2023-07-01,77.3,-0.9,Tennessee
2023-08-01,76.2,-0.5,Tennessee
2023-09-01,70.9,0.5,Tennessee
2023-10-01,60.9,0.3,Tennessee
2023-11-01,50.0,0.1,Tennessee
2023-12-01,44.2,-0.4,Tennessee
2024-01-01,34.8,-3.9,Tennessee
2024-02-01,47.8,3.9,Tennessee
2024-03-01,52.9,0.7,Tennessee
2024-04-01,60.6,2.8,Tennessee
2024-05-01,69.4,2.2,Tennessee
2024-06-01,75.6,1.2,Tennessee
2024-07-01,78.4,0.2,Tennessee
2024-08-01,76.9,0.2,Tennessee
2024-09-01,71.5,1.1,Tennessee
2024-10-01,61.7,1.1,Tennessee
2024-11-01,54.9,5.0,Tennessee
2024-12-01,43.0,-1.6,Tennessee
2021-01-01,47.3,0.1,Texas
2021-02-01,44.0,-5.5,Texas
2021-03-01,59.4,0.1,Texas
2021-04-01,63.7,-2.6,Texas
2021-05-01,71.9,-3.3,Texas
2021-06-01,80.3,-2.1,Texas
2021-07-01,80.9,-3.4,Texas
2021-08-01,81.9,-2.8,Texas
2021-09-01,78.2,-0.6,Texas
2021-10-01,69.8,0.4,Texas
2021-11-01,57.3,0.1,Texas
2021-12-01,59.1,5.3,Texas
2022-01-01,45.8,-1.4,Texas
2022-02-01,45.8,-3.7,Texas
2022-03-01,57.0,-2.3,Texas
2022-04-01,68.8,2.5,Texas
2022-05-01,78.0,2.8,Texas
2022-06-01,83.8,1.4,Texas
2022-07-01,87.2,2.9,Texas
2022-08-01,83.4,-1.3,Texas
2022-09-01,77.8,-1.0,Texas
2022-10-01,66.4,-3.0,Texas
2022-11-01,54.0,-3.2,Texas
2022-12-01,50.0,-3.8,Texas
2023-01-01,51.6,4.4,Texas
2023-02-01,52.1,2.6,Texas
2023-03-01,60.4,1.1,Texas
2023-04-01,64.7,-1.6,Texas
2023-05-01,73.8,-1.4,Texas
2023-06-01,82.3,-0.1,Texas
2023-07-01,86.3,2.0,Texas
2023-08-01,87.5,2.8,Texas
2023-09-01,81.8,3.0,Texas
2023-10-01,68.4,-1.0,Texas
2023-11-01,56.5,-0.7,Texas
2023-12-01,51.8,-2.0,Texas
2024-01-01,44.2,-3.0,Texas
2024-02-01,56.2,6.7,Texas
2024-03-01,60.4,1.1,Texas
2024-04-01,67.9,1.6,Texas
2024-05-01,76.9,1.7,Texas
2024-06-01,83.3,0.9,Texas
2024-07-01,82.8,-1.5,Texas
2024-08-01,85.8,1.1,Texas
2024-09-01,77.5,-1.3,Texas
2024-10-01,72.9,3.5,Texas
2024-11-01,60.9,3.7,Texas
2024-12-01,54.2,0.4,Texas
2021-01-01,28.1,-0.4,Utah
2021-02-01,32.2,1.5,Utah
2021-03-01,38.4,0.9,Utah
2021-04-01,47.4,0.7,Utah
2021-05-01,57.1,1.2,Utah
2021-06-01,71.9,3.6,Utah
2021-07-01,76.2,0.5,Utah
2021-08-01,70.9,-0.7,Utah
2021-09-01,64.4,-0.4,Utah
2021-10-01,47.9,-3.5,Utah
2021-11-01,42.5,5.2,Utah
2021-12-01,31.1,-0.4,Utah
2022-01-01,29.6,1.1,Utah
2022-02-01,29.6,-1.1,Utah
2022-03-01,40.2,2.7,Utah
2022-04-01,46.4,-0.3,Utah
2022-05-01,55.0,-0.9,Utah
2022-06-01,67.6,-0.7,Utah
2022-07-01,75.5,-0.2,Utah
2022-08-01,72.4,0.8,Utah
2022-09-01,66.6,1.8,Utah
2022-10-01,50.8,-0.6,Utah
2022-11-01,32.5,-4.8,Utah
2022-12-01,28.2,-3.3,Utah
2023-01-01,26.1,-2.4,Utah
2023-02-01,26.5,-4.2,Utah
2023-03-01,32.3,-5.2,Utah
2023-04-01,44.4,-2.3,Utah
2023-05-01,57.8,1.9,Utah
2023-06-01,62.8,-5.5,Utah
2023-07-01,75.8,0.1,Utah
2023-08-01,70.9,-0.7,Utah
2023-09-01,62.5,-2.3,Utah
2023-10-01,51.0,-0.4,Utah
2023-11-01,38.9,1.6,Utah
2023-12-01,32.6,1.1,Utah
2024-01-01,30.2,1.7,Utah
2024-02-01,34.4,3.7,Utah
2024-03-01,39.1,1.6,Utah
2024-04-01,48.4,1.7,Utah
2024-05-01,53.8,-2.1,Utah
2024-06-01,70.8,2.5,Utah
2024-07-01,75.2,-0.5,Utah
2024-08-01,72.2,0.6,Utah
2024-09-01,65.6,0.8,Utah
2024-10-01,55.9,4.5,Utah
2024-11-01,35.1,-2.2,Utah
2024-12-01,34.1,2.6,Utah
2021-01-01,20.5,-0.2,Vermont
2021-02-01,18.8,-3.6,Vermont
2021-03-01,30.9,-0.5,Vermont
2021-04-01,43.2,0.2,Vermont
2021-05-01,53.3,-1.6,Vermont
2021-06-01,65.4,2.0,Vermont
2021-07-01,64.9,-3.2,Vermont
2021-08-01,68.8,2.1,Vermont
2021-09-01,59.5,-0.1,Vermont
2021-10-01,51.6,1.7,Vermont
2021-11-01,34.3,-1.8,Vermont
2021-12-01,28.2,0.6,Vermont
2022-01-01,11.8,-8.9,Vermont
2022-02-01,21.0,-1.4,Vermont
2022-03-01,30.7,-0.7,Vermont
2022-04-01,41.3,-1.7,Vermont
2022-05-01,56.9,2.0,Vermont
2022-06-01,61.4,-2.0,Vermont
2022-07-01,67.4,-0.7,Vermont
2022-08-01,68.4,1.7,Vermont
2022-09-01,57.8,-1.8,Vermont
2022-10-01,48.0,-1.9,Vermont
2022-11-01,38.6,2.5,Vermont
2022-12-01,27.2,-0.4,Vermont
2023-01-01,27.3,6.6,Vermont
2023-02-01,22.9,0.5,Vermont
2023-03-01,30.2,-1.2,Vermont
2023-04-01,45.1,2.1,Vermont
2023-05-01,51.7,-3.2,Vermont
2023-06-01,61.7,-1.7,Vermont
2023-07-01,69.7,1.6,Vermont
2023-08-01,64.0,-2.7,Vermont
2023-09-01,61.0,1.4,Vermont
2023-10-01,51.7,1.8,Vermont
2023-11-01,32.9,-3.2,Vermont
2023-12-01,31.2,3.6,Vermont
2024-01-01,23.3,2.6,Vermont
2024-02-01,26.7,4.3,Vermont
2024-03-01,33.8,2.4,Vermont
2024-04-01,42.2,-0.8,Vermont
2024-05-01,57.8,2.9,Vermont
2024-06-01,64.9,1.5,Vermont
2024-07-01,70.5,2.4,Vermont
2024-08-01,65.6,-1.1,Vermont
2024-09-01,60.1,0.5,Vermont
2024-10-01,48.2,-1.7,Vermont
2024-11-01,38.5,2.4,Vermont
2024-12-01,23.8,-3.8,Vermont
2021-01-01,36.6,-0.7,Virginia
2021-02-01,36.6,-5.0,Virginia
2021-03-01,48.5,-0.2,Virginia
2021-04-01,55.3,-1.3,Virginia
2021-05-01,62.3,-1.5,Virginia
2021-06-01,72.0,0.5,Virginia
2021-07-01,75.9,-0.8,Virginia
2021-08-01,76.4,1.5,Virginia
2021-09-01,68.4,0.2,Virginia
2021-10-01,62.3,4.0,Virginia
2021-11-01,44.5,-3.2,Virginia
2021-12-01,45.8,4.7,Virginia
2022-01-01,32.8,-4.5,Virginia
2022-02-01,40.7,-0.9,Virginia
2022-03-01,48.9,0.2,Virginia
2022-04-01,55.2,-1.4,Virginia
2022-05-01,65.0,1.2,Virginia
2022-06-01,72.2,0.7,Virginia
2022-07-01,76.9,0.2,Virginia
2022-08-01,74.7,-0.2,Virginia
2022-09-01,67.9,-0.3,Virginia
2022-10-01,53.9,-4.4,Virginia
2022-11-01,49.0,1.3,Virginia
2022-12-01,37.3,-3.8,Virginia
2023-01-01,42.7,5.4,Virginia
2023-02-01,46.2,4.6,Virginia
2023-03-01,47.4,-1.3,Virginia
2023-04-01,57.7,1.1,Virginia
2023-05-01,61.4,-2.4,Virginia
2023-06-01,67.9,-3.6,Virginia
2023-07-01,76.7,0.0,Virginia
2023-08-01,74.3,-0.6,Virginia
2023-09-01,68.4,0.2,Virginia
2023-10-01,58.7,0.4,Virginia
2023-11-01,45.9,-1.8,Virginia
2023-12-01,42.4,1.3,Virginia
2024-01-01,37.0,-0.3,Virginia
2024-02-01,42.8,1.2,Virginia
2024-03-01,50.0,1.3,Virginia
2024-04-01,58.3,1.7,Virginia
2024-05-01,66.5,2.7,Virginia
2024-06-01,73.7,2.2,Virginia
2024-07-01,77.4,0.7,Virginia
2024-08-01,74.3,-0.6,Virginia
2024-09-01,68.1,-0.1,Virginia
2024-10-01,58.2,-0.1,Virginia
2024-11-01,51.4,3.7,Virginia
2024-12-01,38.7,-2.4,Virginia
2021-01-01,34.6,2.3,Washington
2021-02-01,31.4,-2.1,Washington
2021-03-01,39.7,0.1,Washington
2021-04-01,46.8,2.7,Washington
2021-05-01,52.6,0.0,Washington
2021-06-01,64.6,4.2,Washington
2021-07-01,69.7,1.0,Washington
2021-08-01,65.8,-1.4,Washington
2021-09-01,58.0,-2.0,Washington
2021-10-01,46.6,-2.9,Washington
2021-11-01,39.9,3.1,Washington
2021-12-01,29.4,-2.4,Washington
2022-01-01,31.2,-1.1,Washington
2022-02-01,33.6,0.1,Washington
2022-03-01,41.5,1.9,Washington
2022-04-01,40.9,-3.2,Washington
2022-05-01,48.5,-4.1,Washington
2022-06-01,58.0,-2.4,Washington
2022-07-01,67.9,-0.8,Washington
2022-08-01,69.8,2.6,Washington
2022-09-01,61.7,1.7,Washington
2022-10-01,53.6,4.1,Washington
2022-11-01,32.1,-4.7,Washington
2022-12-01,26.3,-5.5,Washington
2023-01-01,33.2,0.9,Washington
2023-02-01,32.4,-1.1,Washington
2023-03-01,36.6,-3.0,Washington
2023-04-01,43.2,-0.9,Washington
2023-05-01,58.2,5.6,Washington
2023-06-01,60.7,0.3,Washington
2023-07-01,67.5,-1.2,Washington
2023-08-01,67.6,0.4,Washington
2023-09-01,58.3,-1.7,Washington
2023-10-01,49.1,-0.4,Washington
2023-11-01,37.4,0.6,Washington
2023-12-01,36.2,4.4,Washington
2024-01-01,30.0,-2.3,Washington
2024-02-01,36.6,3.1,Washington
2024-03-01,40.7,1.1,Washington
2024-04-01,45.4,1.3,Washington
2024-05-01,51.2,-1.4,Washington
2024-06-01,58.3,-2.1,Washington
2024-07-01,69.5,0.8,Washington
2024-08-01,65.5,-1.7,Washington
2024-09-01,61.8,1.8,Washington
2024-10-01,48.5,-1.0,Washington
2024-11-01,37.9,1.1,Washington
2024-12-01,35.1,3.3,Washington
2021-01-01,32.6,-0.1,West Virginia
2021-02-01,31.6,-5.7,West Virginia
2021-03-01,45.8,0.7,West Virginia
2021-04-01,51.3,-1.7,West Virginia
2021-05-01,58.7,-2.5,West Virginia
2021-06-01,69.2,1.0,West Virginia
2021-07-01,72.2,-0.9,West Virginia
2021-08-01,73.9,1.8,West Virginia
2021-09-01,65.5,0.1,West Virginia
2021-10-01,59.4,4.3,West Virginia
2021-11-01,40.9,-3.2,West Virginia
2021-12-01,42.6,4.5,West Virginia
2022-01-01,27.3,-5.4,West Virginia
2022-02-01,35.3,-2.0,West Virginia
2022-03-01,44.6,-0.5,West Virginia
2022-04-01,50.8,-2.2,West Virginia
2022-05-01,63.0,1.8,West Virginia
2022-06-01,68.7,0.5,West Virginia
2022-07-01,73.0,-0.1,West Virginia
2022-08-01,71.7,-0.4,West Virginia
2022-09-01,64.2,-1.2,West Virginia
2022-10-01,50.3,-4.8,West Virginia
2022-11-01,44.9,0.8,West Virginia
2022-12-01,34.4,-3.7,West Virginia
2023-01-01,38.9,6.2,West Virginia
2023-02-01,41.6,4.3,West Virginia
2023-03-01,43.0,-2.1,West Virginia
2023-04-01,53.9,0.9,West Virginia
2023-05-01,58.4,-2.8,West Virginia
2023-06-01,64.8,-3.4,West Virginia
2023-07-01,73.0,-0.1,West Virginia
2023-08-01,70.6,-1.5,West Virginia
2023-09-01,65.5,0.1,West Virginia
2023-10-01,55.6,0.5,West Virginia
2023-11-01,42.5,-1.6,West Virginia
2023-12-01,39.7,1.6,West Virginia
2024-01-01,32.0,-0.7,West Virginia
2024-02-01,40.7,3.4,West Virginia
2024-03-01,46.9,1.8,West Virginia
2024-04-01,55.8,2.8,West Virginia
2024-05-01,64.7,3.5,West Virginia
2024-06-01,70.2,2.0,West Virginia
2024-07-01,74.2,1.1,West Virginia
2024-08-01,72.0,-0.1,West Virginia
2024-09-01,66.5,1.1,West Virginia
2024-10-01,55.2,0.1,West Virginia
2024-11-01,48.0,3.9,West Virginia
2024-12-01,35.6,-2.5,West Virginia
2021-01-01,20.3,1.9,Wisconsin
2021-02-01,10.7,-9.0,Wisconsin
2021-03-01,36.9,4.3,Wisconsin
2021-04-01,45.0,1.8,Wisconsin
2021-05-01,54.9,-1.8,Wisconsin
2021-06-01,69.4,2.6,Wisconsin
2021-07-01,69.4,0.4,Wisconsin
2021-08-01,69.2,1.1,Wisconsin
2021-09-01,61.2,-1.0,Wisconsin
2021-10-01,53.5,2.9,Wisconsin
2021-11-01,33.9,-1.7,Wisconsin
2021-12-01,24.8,-0.2,Wisconsin
2022-01-01,9.2,-9.2,Wisconsin
2022-02-01,14.9,-4.8,Wisconsin
2022-03-01,29.5,-3.1,Wisconsin
2022-04-01,39.0,-4.2,Wisconsin
2022-05-01,57.2,0.5,Wisconsin
2022-06-01,65.5,-1.3,Wisconsin
2022-07-01,69.4,0.4,Wisconsin
2022-08-01,67.5,-0.6,Wisconsin
2022-09-01,60.4,-1.8,Wisconsin
2022-10-01,47.2,-3.4,Wisconsin
2022-11-01,35.3,-0.3,Wisconsin
2022-12-01,19.2,-5.8,Wisconsin
2023-01-01,23.0,4.6,Wisconsin
2023-02-01,21.7,2.0,Wisconsin
2023-03-01,28.7,-3.9,Wisconsin
2023-04-01,43.4,0.2,Wisconsin
2023-05-01,56.8,0.1,Wisconsin
2023-06-01,66.6,-0.2,Wisconsin
2023-07-01,68.5,-0.5,Wisconsin
2023-08-01,67.7,-0.4,Wisconsin
2023-09-01,63.2,1.0,Wisconsin
2023-10-01,49.4,-1.2,Wisconsin
2023-11-01,34.5,-1.1,Wisconsin
2023-12-01,32.2,7.2,Wisconsin
2024-01-01,21.0,2.6,Wisconsin
2024-02-01,31.4,11.7,Wisconsin
2024-03-01,35.2,2.6,Wisconsin
2024-04-01,45.4,2.2,Wisconsin
2024-05-01,57.7,1.0,Wisconsin
2024-06-01,65.6,-1.2,Wisconsin
2024-07-01,68.8,-0.2,Wisconsin
2024-08-01,67.8,-0.3,Wisconsin
2024-09-01,63.9,1.7,Wisconsin
2024-10-01,52.1,1.5,Wisconsin
2024-11-01,38.5,2.9,Wisconsin
2024-12-01,23.7,-1.3,Wisconsin
2021-01-01,23.4,1.9,Wyoming
2021-02-01,17.4,-4.1,Wyoming
2021-03-01,32.2,2.2,Wyoming
2021-04-01,38.0,0.0,Wyoming
2021-05-01,48.8,0.0,Wyoming
2021-06-01,64.9,4.0,Wyoming
2021-07-01,70.1,2.1,Wyoming
2021-08-01,64.1,-1.4,Wyoming
2021-09-01,58.1,-0.7,Wyoming
2021-10-01,43.9,-1.3,Wyoming
2021-11-01,36.6,5.3,Wyoming
2021-12-01,26.2,0.5,Wyoming
2022-01-01,23.1,1.6,Wyoming
2022-02-01,20.9,-0.6,Wyoming
2022-03-01,32.0,2.0,Wyoming
2022-04-01,36.2,-1.8,Wyoming
2022-05-01,46.9,-1.9,Wyoming
2022-06-01,59.0,-1.9,Wyoming
2022-07-01,69.0,1.0,Wyoming
2022-08-01,67.3,1.8,Wyoming
2022-09-01,59.7,0.9,Wyoming
2022-10-01,44.7,-0.5,Wyoming
2022-11-01,25.1,-6.2,Wyoming
2022-12-01,19.6,-6.1,Wyoming
2023-01-01,19.3,-2.2,Wyoming
2023-02-01,19.7,-1.8,Wyoming
2023-03-01,23.5,-6.5,Wyoming
2023-04-01,36.1,-1.9,Wyoming
2023-05-01,52.9,4.1,Wyoming
2023-06-01,57.2,-3.7,Wyoming
2023-07-01,66.2,-1.8,Wyoming
2023-08-01,64.8,-0.7,Wyoming
2023-09-01,57.4,-1.4,Wyoming
2023-10-01,43.1,-2.1,Wyoming
2023-11-01,33.3,2.0,Wyoming
2023-12-01,27.7,2.0,Wyoming
2024-01-01,20.3,-1.2,Wyoming
2024-02-01,28.0,6.5,Wyoming
2024-03-01,32.4,2.4,Wyoming
2024-04-01,41.5,3.5,Wyoming
2024-05-01,46.6,-2.2,Wyoming
2024-06-01,62.3,1.4,Wyoming
2024-07-01,66.5,-1.5,Wyoming
2024-08-01,65.6,0.1,Wyoming
2024-09-01,60.0,1.2,Wyoming
2024-10-01,48.9,3.7,Wyoming
2024-11-01,30.1,-1.2,Wyoming
2024-12-01,29.1,3.4,Wyoming
